#;Lote do Disparo;Data/Hora do Disparo;Data/Hora da Opinião;Campanha;Coleta;Nome;Identificador;E-mail;E-mail Alternativo;Telefone;Telefone Alternativo;Tempo de Resposta;Cargo;ID da Conta;Nome da Conta;Cidade;Estado;Linha Produto;Macro-Segmento;Micro-Segmento;BUCliente;Manutenção;Etapa do Projeto;Gerente de Projeto;Consultor;Tipo de Serviço;Consultor Responsável;Nota;Nota Anterior;Comentário;Justificativas;Responsável;Deadline;Categoria;Status;Prioridade;Tempo até 1º status;Tempo até resolução;Tempo total de tratativa
94209837;NWKCA23BBF;15/12/25 13:28;22/12/25 14:59;Pesquisa CeS AGM (Hunter) - Projetos de Implantação;Email;"LIDIANE ALVES MAIA";;administrativo@agrocremonese.com.br;;;;26s;"ADMINISTRATIVO";"30001153";"FAZENDA REALEZA - ARAGUACEMA-TO";"ARAGUACEMA";"TO";"SIAGRI AGRIMANAGER";"PRODUTOR RURAL";"D";;"2500";"3.0 EXECUCAO - 3.6 POS PRODUCAO";"YURI COELHO";"FELIPE DA SILVA VERZOTTO";;;8;;;Planejamento e Execução;Lucas de Oliveira;31/12/2025;Consultoria e Serviços;Encerrado sem sucesso nos contatos;Média;Indeterminado;Indeterminado;Indeterminado
93899775;P2XEE23414;01/12/25 13:30;08/12/25 14:42;Pesquisa CeS MyFarm (Hunter) - Projetos de Implantação;Email;"ROSANA";;financeiro@logisticapontal.com.br;;;;10s;"ADMINISTRATIVO";"30000783";"PONTAL AGROPECUARIA E LOGISTICA - CAIAPONIA-GO";"CAIAPONIA";"GO";"MYFARM";"PRODUTOR RURAL";"C";;"938";"TREINAMENTO E SIMULAÇÃO I";"JAQUELINE MARTINS";"GUILHERME JOB LIMA DE SOUZA";;;9;9;;Planejamento e Organização, Comunicação Clara e Proativa, Execução Eficiente, Solução Alinhada ao Negócio, Atendimento do Consultor;Isabella Clarindo Paulino;17/12/2025;Consultoria e Serviços, Planejamento do Projeto/Treinamento, Comunicação, Execução do Projeto/Treinamento, Atendimento do Consultor, Solução Alinhada ao Negócio, MyFarm;Resolvido Satisfeito;Baixa;Indeterminado;Indeterminado;Indeterminado
93781239;UI451E4EC8;01/12/25 13:30;02/12/25 08:12;Pesquisa CeS AGM (Farmer) - Apoio Técnico e Treinamentos;Email;"EDSON MARTINS DAS NEVES";;edson.neves@serrabonitasementes.com.br;;(61) 3642-4646;;2m 8s;"ADMINISTRATIVO";"10000249";"SERRA BONITA SEMENTES - FORMOSA-GO";"BURITIS";"MG";"SIAGRI AGRIMANAGER";"PRODUTOR RURAL";"B";;"10010.79";;"JAQUELINE MARTINS";"LEONARDO BORGES MENDONÇA";"CONSULTORIA E TREINAMENTOS";;9;;;Execução Eficiente;Isabella Clarindo Paulino;09/12/2025;Consultoria e Serviços, Execução do Projeto/Treinamento, Siagri AgriManager;Resolvido Satisfeito;Baixa;Indeterminado;Indeterminado;Indeterminado
93505098;7XG7E92ED8;17/11/25 11:30;18/11/25 10:50;Pesquisa CeS MyFarm (Hunter) - Projetos de Implantação;Email;"ROSANA";;financeiro@logisticapontal.com.br;;;;16s;"ADMINISTRATIVO";"30000783";"PONTAL AGROPECUARIA E LOGISTICA - CAIAPONIA-GO";"CAIAPONIA";"GO";"MYFARM";"PRODUTOR RURAL";"C";;"938";"3.0 EXECUCAO - 3.6 POS PRODUCAO";"JAQUELINE MARTINS";"GUILHERME JOB LIMA DE SOUZA";;;9;;;Planejamento e Organização, Comunicação Clara e Proativa, Solução Alinhada ao Negócio, Atendimento do Consultor;Isabella Clarindo Paulino;27/11/2025;Consultoria e Serviços, Planejamento do Projeto/Treinamento, Comunicação, Atendimento do Consultor, Solução Alinhada ao Negócio;Resolvido Satisfeito;Baixa;Indeterminado;Indeterminado;Indeterminado
93124905;AQ0445CA3D;29/10/25 11:30;29/10/25 17:29;Pesquisa CeS AGM (Farmer) - Apoio Técnico e Treinamentos;Email;"RODRIGO TAKAO UEMURA";;rodrigo@uemura.net.br;;(77) 99934-3553;(77) 99934-3553;29s;"ADMINISTRATIVO";"10000255";"GRUPO UEMURA - BARREIRAS-BA";"SAO DESIDERIO";"BA";"SIAGRI AGRIMANAGER";"PRODUTOR RURAL";"C";;"4979,82";;"NAIANA MENDONÇA COELHO";"FELIPE DA SILVA VERZOTTO";"CONSULTORIA E TREINAMENTOS";;2;7;;Problemas no Planejamento do Apoio Técnico/Treinamento, Comunicação Ineficiente, Dificuldades na Execução do Apoio Técnico/Treinamento, Atendimento do Consultor;;05/11/2025;Consultoria e Serviços, Planejamento do Projeto/Treinamento, Comunicação, Execução do Projeto/Treinamento, Atendimento do Consultor;Pendente Atuacao;Alta;Indeterminado;Indeterminado;Indeterminado
92712507;RRD76209A4;30/09/25 11:00;07/10/25 14:18;Pesquisa CeS AGM (Farmer) - Apoio Técnico e Treinamentos;Email;"BRUNO CASSOL";BRUNO.CASSOL@3TENTOS.COM.BR;bruno.cassol@3tentos.com.br;;;;4m 18s;"ADMINISTRATIVO";"30000001";"3TENTOS - SANTA BARBARA DO SUL-RS";"SANTA BARBARA DO SUL";"RS";"SIAGRI AGRIMANAGER";"PRODUTOR RURAL";"A";;"208436,84";;"NAIANA COELHO";"LEONARDO BORGES MENDONÇA";"CONSULTORIA E TREINAMENTOS";;7;;"Vejo que temos que evoluir em relação as expectativas e entregas no momento do treinamento da equipe, em alguns momentos vemos que pessoal que está organizando/treinando vai buscando fazer as atividades por tentativa acerto/erro isso não passa segurança";Planejamento e Execução;Nathalia Santos;14/10/2025;Consultoria e Serviços, Planejamento do Projeto/Treinamento, Execução do Projeto/Treinamento;Pendente Atuacao;Média;Indeterminado;Indeterminado;Indeterminado
92737907;XSSAB7CDC0;30/09/25 15:10;30/09/25 15:10;Pesquisa CeS MyFarm (Hunter) - Projetos de Implantação;Telefone;"MICAEL M MACHADO";;saopedrotransportes2@hotmail.com;;(66) 99663-5007;;;"ADMINISTRATIVO";"30000828";"FAZENDA CAMPO SAGRADO - CAMPO VERDE - MT";"CAMPO VERDE";"MT";"MYFARM";"PRODUTOR RURAL";"A";;"11086,36";"GO LIVE";"NAIANA COELHO";"INÁCIO JOSÉ DE OLIVEIRA NETO";;;10;;"Sem comentários";Outro;Jaqueline Martins;17/10/2025;Consultoria e Serviços;Resolvido Satisfeito;Baixa;Indeterminado;Indeterminado;Indeterminado
92737245;9QP4F0A8CD;30/09/25 14:33;30/09/25 14:33;Pesquisa CeS AGM (Farmer) - Apoio Técnico e Treinamentos;Telefone;"NATALIA JAIANE RIBEIRO ARRUDA";;natalia.fazendaanacan@gmail.com;;(65) 99931-9511;(65) 3266-5069;;"ADMINISTRATIVO";"30000173";"ARNALDO J BORTOLINI - FAZENDA ANACAN - PONTES E LACERDA-MT";"MT";"PONTES E LACERDA";"SIAGRI AGRIMANAGER";"PRODUTOR RURAL";"D";;"3162,36";;"NAIANA COELHO";"LEONARDO BORGES MENDONÇA";"CONSULTORIA E TREINAMENTOS";;6;7;"O atendimento foi bom mas o problema persiste e precisa de uma integração do pecuária com o irancho, registrado um ticket 662409 já faz 15 dias e não teve retorno.";Outro;Lucas de Oliveira;15/10/2025;Consultoria e Serviços;Encerrado sem sucesso nos contatos;Alta;Indeterminado;Indeterminado;Indeterminado
92572777;RV71794CD2;30/09/25 11:00;30/09/25 13:05;Pesquisa CeS MyFarm (Hunter) - Projetos de Implantação;Email;"WAGNER EDUARDO BALDIN PEREIRA";d90021e8-6cc1-47e1-a394-8425a7de0168;wagner.eduardo35@gmail.com;;;;29s;"ADMINISTRATIVO";"30001151";"SITIO SANTA TEREZA DA BELA VISTA - PIRASSUNUNGA - SP";"PIRASSUNUNGA";"SP";"MYFARM";"PRODUTOR RURAL";"A";;"7410";"TREINAMENTO E SIMULAÇÃO III";"NAIANA COELHO";"ANDERSON PEDRO CASSOL";;;10;;;Planejamento e Organização;Jaqueline Martins;09/10/2025;Consultoria e Serviços, Planejamento do Projeto/Treinamento;Resolvido Satisfeito;Baixa;Indeterminado;Indeterminado;Indeterminado
92750233;XDF434E8A2;30/09/25 11:12;30/09/25 11:12;Pesquisa CeS MyFarm (Hunter) - Projetos de Implantação;Telefone;"Debora dos Santos Ramos";;debora_agrobahia@hotmail.com;;(77) 99968-3687;;;"ADMINISTRATIVO";"30000185";"AGROBAHIA - LUIS EDUARDO MAGALHAES - BA";"LUIS EDUARDO MAGALHAES";"BA";"MYFARM";"PRODUTOR RURAL";"D";;"3682,12";"3.0 EXECUCAO - 3.6 POS PRODUCAO";"NAIANA COELHO";"INÁCIO JOSÉ DE OLIVEIRA NETO";;;10;10;"Foi excelente.";Planejamento e Organização, Comunicação Clara e Proativa, Execução Eficiente, Atendimento do Consultor;Jaqueline Martins;20/10/2025;Consultoria e Serviços, Planejamento do Projeto/Treinamento, Comunicação, Execução do Projeto/Treinamento, Atendimento do Consultor, Experiência de Implantação;Resolvido Satisfeito;Baixa;Indeterminado;Indeterminado;Indeterminado
92750663;KNPC905676;30/09/25 11:12;30/09/25 11:12;Pesquisa CeS MyFarm (Hunter) - Projetos de Implantação;Telefone;"MATHEUS PEREIRA";db6bf6e7-6bac-488e-ab1e-8af134b7d9af;mrpereira.agro@gmail.com;;(34) 99653-9174;;;"ADMINISTRATIVO";"30001158";"FAZENDA BARRO PRETO - NOVA PONTE - MG";"NOVA PONTE";"MG";"MYFARM";"PRODUTOR RURAL";"C";;"1000";"GO LIVE";"NAIANA COELHO";"INÁCIO JOSÉ DE OLIVEIRA NETO";;;10;;"Foi super prestativo e ajudou muito. Correu tudo bem.";Planejamento e Organização, Comunicação Clara e Proativa, Execução Eficiente, Atendimento do Consultor;Jaqueline Martins;20/10/2025;Consultoria e Serviços, Planejamento do Projeto/Treinamento, Comunicação, Execução do Projeto/Treinamento, Atendimento do Consultor, Experiência de Implantação;Resolvido Satisfeito;Baixa;Indeterminado;Indeterminado;Indeterminado
92568228;DQH70A20D0;30/09/25 11:00;30/09/25 11:09;Pesquisa CeS AgroScore Siagri AgriManager;Email;"GUILHERME FIUMARO TOSTA";;guilherme.fiumaro@fazendaslrkonageski.com.br;;(16) 98152-9844;;1m 38s;"ADMINISTRATIVO";"30000116";"FAZENDAS LR KONAGESKI - DIAMANTINO-MT";"DIAMANTINO";"MT";"SIAGRI AGRIMANAGER";"PRODUTOR RURAL";"A";;"15120,37";;;;"MONITORIA";"LEONARDO BORGES MENDONÇA";9;10;"O esforço conjunto das duas Partes (nossa enquanto cliente e da Aliare) em aprimorar o funcionamento do sistema e a experiência proporcionada ao cliente para um desempenho adequado e satisfatório das suas atividades gerenciadas pela plataforma. ";;Jaqueline Martins;07/10/2025;AgroScore;Resolvido Satisfeito;Baixa;Indeterminado;Indeterminado;Indeterminado
92749790;GDI7A6E26B;30/09/25 11:01;30/09/25 11:01;Pesquisa CeS AgroScore Siagri AgriManager;Telefone;"THIAGO SANTI";;thiago.santi@2ln.com.br;;(67) 99236-0744;;;"T.I.";"10000014";"AGROINSUMOS - SORRISO-MT";"SORRISO";"MT";"SIAGRI AGRIMANAGER";"PRODUTOR RURAL";"A";;"41068,34";;;;"MONITORIA";"LEONARDO BORGES MENDONÇA";10;10;"Possui amplo conhecimento do negócio tanto na parte de sistema quanto de sistema. Todos satisfeitos com o atendimento e até os tickets sumiram depois dessa visita por conta da resolução com o consultor";;Jaqueline Martins;16/10/2025;AgroScore;Resolvido Satisfeito;Baixa;Indeterminado;Indeterminado;Indeterminado
92748709;XSAA091477;30/09/25 10:32;30/09/25 10:32;Pesquisa CeS AGM (Farmer) - Apoio Técnico e Treinamentos;Telefone;"REGINA DA SILVA";;regina@serranaagro.com;;(63) 99233-7748;;;"ADMINISTRATIVO";"10000615";"AGROPECUARIA SERRANA - CARIRI DO TOCANTINS-TO";"CARIRI DO TOCANTINS";"TO";"SIAGRI AGRIMANAGER";"PRODUTOR RURAL";"C";;"5890,33";;"NAIANA COELHO";"LEONARDO BORGES MENDONÇA";"CONSULTORIA E TREINAMENTOS";;10;;"Treinamento foi ótimo, ele é bem claro e a metodologia é muita boa e maleável.";Planejamento e Organização, Comunicação Clara e Proativa, Execução Eficiente, Atendimento do Consultor;Jaqueline Martins;16/10/2025;Consultoria e Serviços, Planejamento do Projeto/Treinamento, Comunicação, Execução do Projeto/Treinamento, Atendimento do Consultor, Solução Alinhada ao Negócio, Experiência de Implantação;Resolvido Satisfeito;Baixa;Indeterminado;Indeterminado;Indeterminado
92748986;2AVBAAF4E1;30/09/25 10:32;30/09/25 10:32;Pesquisa CeS AGM (Farmer) - Apoio Técnico e Treinamentos;Telefone;"REGINA ALVES DE CAMPOS";;regina.campos@ciarama.com.br;;(67) 99972-1518;;;"CONTROLADORIA";"10000075";"CIARAMA - PONTA PORA-MS";"PONTA PORA";"MS";"SIAGRI AGRIMANAGER";"PRODUTOR RURAL";"A";;"43404,7104";;"NAIANA COELHO";"LEONARDO BORGES MENDONÇA";"CONSULTORIA E TREINAMENTOS";;10;;"Ele é um ótimo profissional, nos atendeu muito bem. E tem amplo conhecimento de sistema";Planejamento e Organização, Comunicação Clara e Proativa, Execução Eficiente, Atendimento do Consultor;Jaqueline Martins;16/10/2025;Consultoria e Serviços, Planejamento do Projeto/Treinamento, Comunicação, Execução do Projeto/Treinamento, Atendimento do Consultor, Solução Alinhada ao Negócio, Experiência de Implantação;Resolvido Satisfeito;Baixa;Indeterminado;Indeterminado;Indeterminado
92075789;UJX5BCE7D4;05/09/25 11:00;08/09/25 11:17;Pesquisa CeS AGM (Farmer) - Apoio Técnico e Treinamentos;Email;"MARCOS FERREIRA DOS SANTOS";;escritorioagronegociosdenardin@hotmail.com;;(46) 99924-8386;;39s;"ADMINISTRATIVO";"30000537";"ANA JULIA DENARDINI - FAZENDA BOA SORTE - MANGUEIRINHA - PR";"MANGUEIRINHA";"PR";"SIAGRI AGRIMANAGER";"PRODUTOR RURAL";"C";;"4276,87";;"NAIANA COELHO";"LEONARDO BORGES MENDONÇA";"CONSULTORIA E TREINAMENTOS";;2;;"NÃO RESOVEM OS TICKTS E FINALIZAM ";Problemas no Planejamento do Apoio Técnico/Treinamento;Isabella Clarindo Paulino;15/09/2025;Consultoria e Serviços, Planejamento do Projeto/Treinamento;Resposta sem relação com a pesquisa;Alta;Indeterminado;Indeterminado;Indeterminado
92027114;SNQD047B8D;05/09/25 11:00;05/09/25 11:42;Pesquisa CeS MyFarm (Farmer) - Apoio Técnico e Treinamentos;Email;"CARLOS FERNANDO DA SILVEIRA BUENO";;carfer@rpa.ind.br;;;;28s;"ADMINISTRATIVO";"30001104";"FAZENDA SITIO BARRO AMARELO - MOGI-GUACU-SP";"MOGI-GUACU";"SP";"MYFARM";"PRODUTOR RURAL";"C";;"7000";;"NAIANA COELHO";"ANDERSON PEDRO CASSOL";"CONSULTORIA E TREINAMENTOS";;10;;"Excelente";Planejamento e Organização, Comunicação Clara e Proativa, Execução Eficiente, Atendimento do Consultor, Outro;Jaqueline Martins;12/09/2025;Consultoria e Serviços, Planejamento do Projeto/Treinamento, Comunicação, Execução do Projeto/Treinamento, Atendimento do Consultor;Resolvido Satisfeito;Baixa;Indeterminado;Indeterminado;Indeterminado
92026653;IXW7D051C8;05/09/25 11:00;05/09/25 11:24;Pesquisa CeS AgroScore Siagri AgriManager;Email;"JOSIANE SPROTTO MULLER";76750190-7bb5-47e6-9f1e-216f1b0e077b;financeiro@fazendapotrich.com.br;;(66) 99985-8930;;58s;"FINANCEIRO";"10000668";"FAZENDA POTRICH I - SORRISO-MT";"SORRISO";"MT";"SIAGRI AGRIMANAGER";"PRODUTOR RURAL";"B";;"15977,3601";;;;"MONITORIA";"LEONARDO BORGES MENDONÇA";10;10;;;Jaqueline Martins;12/09/2025;AgroScore;Resolvido Satisfeito;Baixa;Indeterminado;Indeterminado;Indeterminado
92291090;SXEDF241F9;29/08/25 15:41;29/08/25 15:41;Pesquisa CeS MyFarm (Hunter) - Projetos de Implantação;Telefone;"Debora dos Santos Ramos";;debora_agrobahia@hotmail.com;;(77) 99968-3687;;;"ADMINISTRATIVO";"30017973";"JOELCIO GMACH";"COTEGIPE";"BA";"MYFARM";"PRODUTOR RURAL";"C";;"600";"TREINAMENTO E SIMULAÇÃO I";"NAIANA COELHO";"INÁCIO JOSÉ DE OLIVEIRA NETO";;;10;;"Gostou bastante. Explicação assertiva, pegamos bem.";Comunicação Clara e Proativa, Execução Eficiente, Atendimento do Consultor;Jaqueline Martins;25/09/2025;Consultoria e Serviços, Comunicação, Execução do Projeto/Treinamento, Atendimento do Consultor;Resolvido Satisfeito;Baixa;Indeterminado;Indeterminado;Indeterminado
92290824;L99DFAB396;29/08/25 15:26;29/08/25 15:26;Pesquisa CeS AGM (Farmer) - Apoio Técnico e Treinamentos;Telefone;"ANE SARA ALVES DE OLIVEIRA";;ane.oliveira@jlsagro.com.br;;(61) 99616-6336;;;"ADMINISTRATIVO";"10000012";"GRUPO CHARRUA - FORMOSA-GO";"FORMOSA";"GO";"SIAGRI AGRIMANAGER";"PRODUTOR RURAL";"A";;"42389,51";;"NAIANA COELHO";"ANDERSON PEDRO CASSOL";"CONSULTORIA E TREINAMENTOS";;9;;"Consultor bem solicito, tudo bem.";Execução Eficiente, Atendimento do Consultor;Julio Cesar Andrade dos Santos;23/09/2025;;Nenhum;Baixa;Indeterminado;Indeterminado;Indeterminado
92264863;PW4F6735C2;29/08/25 14:35;29/08/25 14:35;Pesquisa CeS MyFarm (Hunter) - Projetos de Implantação;Telefone;"ROSIANE";;financeiro@grupozuf.com.br;;(37) 99874-8133;;;"ADMINISTRATIVO";"30001159";"FAZENDA PONTE ALTA - IPAMERI - GO";"IPAMERI";"GO";"MYFARM";"PRODUTOR RURAL";"C";;"1150";"TREINAMENTO E SIMULAÇÃO II";"NAIANA COELHO";"INÁCIO JOSÉ DE OLIVEIRA NETO";;;10;;"Correu tudo bem.";Execução Eficiente, Atendimento do Consultor;Jaqueline Martins;24/09/2025;Consultoria e Serviços, Execução do Projeto/Treinamento, Atendimento do Consultor;Resolvido Satisfeito;Baixa;Indeterminado;Indeterminado;Indeterminado
92264914;DI44D044C3;29/08/25 14:35;29/08/25 14:35;Pesquisa CeS MyFarm (Hunter) - Projetos de Implantação;Telefone;"Davi Sales Maia";5547f93c-3ff5-4263-9596-dd056022da41;davimaia100@gmail.com;fazendamaiaro@gmail.com;(69) 99918-7189;(69) 98469-1406;;"ADMINISTRATIVO";"30001186";"FAZENDA MAIA - ROLIM DE MOURA-RO";"ROLIM DE MOURA";"RO";"MYFARM";"PRODUTOR RURAL";"B";;"30508,8";"3.0 EXECUCAO - 3.6 POS PRODUCAO";"NAIANA COELHO";"ANDERSON PEDRO CASSOL";;;8;;"O atendimento foi bom, mas tem algumas coisas que não estão rodando. Consorcio não está conseguindo colocar. Não consegue mudar valor e nem data.";Outro;Lucas de Oliveira;24/09/2025;Consultoria e Serviços;Encerrado sem sucesso nos contatos;Média;Indeterminado;Indeterminado;Indeterminado
91646999;CYMB6BCACE;31/07/25 17:59;31/07/25 17:59;Pesquisa CeS MyFarm (Hunter) - Projetos de Implantação;Telefone;"WILLIAM CARDOSO DOS SANTOS";df6c97d3-9904-428f-8ccf-d7d3f42fe957;wcardoso114@gmail.com;;(14) 99783-7420;;;"ADMINISTRATIVO";"30001150";"FAZENDA SAO BENEDITO - SABINO - SP";"SABINO";"SP";"MYFARM";"PRODUTOR RURAL";"C";;"500";"TREINAMENTO E SIMULAÇÃO I";"NAIANA COELHO";"ANDERSON PEDRO CASSOL";;;10;;"Foi muito bom, consultor explicou certinho.";Execução Eficiente, Atendimento do Consultor;Jaqueline Martins;26/08/2025;Consultoria e Serviços, Execução do Projeto/Treinamento, Atendimento do Consultor;Resolvido Satisfeito;Baixa;Indeterminado;Indeterminado;Indeterminado
91647156;E109C8B178;31/07/25 17:59;31/07/25 17:59;Pesquisa CeS MyFarm (Hunter) - Projetos de Implantação;Telefone;"GILIARDE RODRIGUES DA SILVA";3d4af981-3226-4683-93fd-1e1e5c7d92e5;giliardegrs@hotmail.com;;(64) 98121-6723;;;"ADMINISTRATIVO";"30001140";"FAZENDA RODRIGUES - INDIARA - GO";"INDIARA";"GO";"MYFARM";"PRODUTOR RURAL";"A";;"1200";"GO LIVE";"NAIANA COELHO";"RAFAEL ALBINO SANTANA";;;8;10;"Foi bom, foi tranquilo";Atendimento do Consultor, Outro;Nathalia Santos;26/08/2025;Consultoria e Serviços, Execução do Projeto/Treinamento, Atendimento do Consultor;Acoes em andamento;Média;Indeterminado;Indeterminado;Indeterminado
91646972;STS88FAB47;31/07/25 17:56;31/07/25 17:56;Pesquisa CeS MyFarm (Farmer) - Apoio Técnico e Treinamentos;Telefone;"WILLIAM CARDOSO DOS SANTOS";df6c97d3-9904-428f-8ccf-d7d3f42fe957;wcardoso114@gmail.com;;(14) 99783-7420;;;"ADMINISTRATIVO";"30001150";"FAZENDA SAO BENEDITO - SABINO - SP";"SABINO";"SP";"MYFARM";"PRODUTOR RURAL";"C";;"500";;"NAIANA COELHO";"ANDERSON PEDRO CASSOL";"GO LIVE";;10;;"Foi muito bom, consultor explicou certinho.";Execução Eficiente, Atendimento do Consultor;Jaqueline Martins;22/08/2025;Consultoria e Serviços, Execução do Projeto/Treinamento, Atendimento do Consultor;Resolvido Satisfeito;Baixa;Indeterminado;Indeterminado;Indeterminado
91646567;YIA4C7BC09;31/07/25 17:28;31/07/25 17:28;Pesquisa CeS AgroScore Siagri AgriManager;Telefone;"JOSIANE SPROTTO MULLER";76750190-7bb5-47e6-9f1e-216f1b0e077b;financeiro@fazendapotrich.com.br;;(66) 99985-8930;;;"FINANCEIRO";"10000668";"FAZENDA POTRICH I - SORRISO-MT";"SORRISO";"MT";"SIAGRI AGRIMANAGER";"PRODUTOR RURAL";"B";;"15977,3601";;;;"MONITORIA";"LEONARDO BORGES MENDONÇA";10;10;"Consultor atua conosco a muito tempo. Ele tem muito conhecimento sobre o sistema. Como pessoa e profissional é incrível.";;Jaqueline Martins;22/08/2025;AgroScore;Resolvido Satisfeito;Baixa;Indeterminado;Indeterminado;Indeterminado
91370574;WZP18642E2;31/07/25 14:31;31/07/25 14:31;Pesquisa CeS MyFarm (Hunter) - Projetos de Implantação;Telefone;"FLAVIA ROTUNDO";cd065c5f-c35d-4073-9772-d463dffb7b56;financeiro@agrostamaria.com;;(64) 98115-1211;;;"ADMINISTRATIVO";"30001147";"KADMO RIBEIRO CARNEIRO - RIO VERDE - GO";"RIO VERDE";"GO";"MYFARM";"PRODUTOR RURAL";"B";;"850";"TREINAMENTO E SIMULAÇÃO II";"NAIANA COELHO";"INÁCIO JOSÉ DE OLIVEIRA NETO";;;10;6;"Treinamento muito bom, mas o produto na parte de fluxo de caixa futuro não demonstra o resultado correto. Teve que registrar ticket. ";Atendimento do Consultor;Jaqueline Martins;12/08/2025;Consultoria e Serviços, Atendimento do Consultor;Resolvido Satisfeito;Baixa;Indeterminado;Indeterminado;Indeterminado
91414039;LMXAFCFBAF;31/07/25 14:30;31/07/25 14:30;Pesquisa CeS MyFarm (Hunter) - Projetos de Implantação;Telefone;"LORRAINE BARBOSA";17ed34f7-3e80-47f6-8281-17bab954121f;lorraine.barbosa@centeio.agr.br;;(44) 99734-0283;;;"ADMINISTRATIVO";"30001130";"GRUPO CENTEIO - PARATININGA-MT";"PARATININGA";"MT";"MYFARM";"PRODUTOR RURAL";"B";;"1000";"TREINAMENTO E SIMULAÇÃO III";"NAIANA COELHO";"INÁCIO JOSÉ DE OLIVEIRA NETO";;;10;;"Treinamento foi muito bom ";Atendimento do Consultor;Jaqueline Martins;13/08/2025;Consultoria e Serviços, Atendimento do Consultor;Resolvido Satisfeito;Baixa;Indeterminado;Indeterminado;Indeterminado
91414249;K2EAD3AF90;31/07/25 14:30;31/07/25 14:30;Pesquisa CeS MyFarm (Hunter) - Projetos de Implantação;Telefone;"CLEIDE MENDES";d2ba1c72-a491-4348-9d9d-0256383b6fd3;mendes_agronegocios@hotmail.com;;(67) 99959-3081;;;"ADMINISTRATIVO";"30001131";"EWALDO MENDES - GRUPO 2 M - PONTA PORA-MS";"PONTA PORA";"MS";"MYFARM";"PRODUTOR RURAL";"A";;"1850";"TREINAMENTO E SIMULAÇÃO III";"NAIANA COELHO";"RAFAEL ALBINO SANTANA";;;10;10;"Extraordinário. Um consultor muito dedicado";Atendimento do Consultor;Jaqueline Martins;13/08/2025;Consultoria e Serviços, Atendimento do Consultor;Resolvido Satisfeito;Baixa;Indeterminado;Indeterminado;Indeterminado
91414379;RBPE79C3A1;31/07/25 14:30;31/07/25 14:30;Pesquisa CeS MyFarm (Hunter) - Projetos de Implantação;Telefone;"GILIARDE RODRIGUES DA SILVA";3d4af981-3226-4683-93fd-1e1e5c7d92e5;giliardegrs@hotmail.com;;(64) 98121-6723;;;"ADMINISTRATIVO";"30001140";"FAZENDA RODRIGUES - INDIARA - GO";"INDIARA";"GO";"MYFARM";"PRODUTOR RURAL";"A";;"1200";"GO LIVE";"NAIANA COELHO";"RAFAEL ALBINO SANTANA";;;10;;"Foi bem atencioso, explicou bem direito.";Execução Eficiente, Atendimento do Consultor;Jaqueline Martins;13/08/2025;Consultoria e Serviços, Execução do Projeto/Treinamento, Atendimento do Consultor;Resolvido Satisfeito;Baixa;Indeterminado;Indeterminado;Indeterminado
91370182;RKQA65C1C9;31/07/25 14:15;31/07/25 14:15;Pesquisa CeS AGM (Hunter) - Projetos de Implantação;Telefone;"MIRIAN PASA BALDISSERA";;pagamentos@agrosustentavelma.com.br;;(54) 99670-3705;;;"ADMINISTRATIVO";"30000975";"MBB AGRO - SAO FELIX DE BALSAS-MA";"SAO FELIX DE BALSAS";"MA";"SIAGRI AGRIMANAGER";"PRODUTOR RURAL";"D";;"2840,41";"3.0 EXECUCAO - 3.6 POS PRODUCAO";"NAIANA COELHO";"ANDERSON PEDRO CASSOL";;;9;;"Tudo ok, sem reclamações. ";Atendimento do Consultor;Jaqueline Martins;12/08/2025;Consultoria e Serviços, Atendimento do Consultor;Resolvido Satisfeito;Baixa;Indeterminado;Indeterminado;Indeterminado
91413606;YCO31D8219;31/07/25 14:14;31/07/25 14:14;Pesquisa CeS AGM (Farmer) - Apoio Técnico e Treinamentos;Telefone;"MARINA REIGOT";;financeiro2@ogawaagro.com.br;;(63) 99281-9730;;;"CONTABILIDADE";"30000319";"OGAWA AGRO - NOVA ROSALANDIA - TO";"NOVA ROSALANDIA";"TO";"SIAGRI AGRIMANAGER";"PRODUTOR RURAL";"B";;"11795,33";;"NAIANA COELHO";"LEONARDO BORGES MENDONÇA";"CONSULTORIA E TREINAMENTOS";;10;;"Muito esclarecedor, tira todas as duvidas, bem didático. Pessoal pegou bem o treinamento.";Comunicação Clara e Proativa, Execução Eficiente, Atendimento do Consultor;Jaqueline Martins;11/08/2025;Consultoria e Serviços, Comunicação, Execução do Projeto/Treinamento, Atendimento do Consultor;Resolvido Satisfeito;Baixa;Indeterminado;Indeterminado;Indeterminado
91180577;5KX4D53DBE;22/07/25 16:59;22/07/25 16:59;Pesquisa CeS MyFarm (Hunter) - Projetos de Implantação;Telefone;" ROGERES CASSOL";7f2e3cb8-e9b4-4c68-97fa-2f62a97e39e7;rogeres.cassol@gmail.com;;(65) 99904-6004;;;"ADMINISTRATIVO";"30001026";"FAZENDA BELTRAO - ROQUE CASSOL - CAMPOS DE JULIO-MT";"CAMPOS DE JULIO";"MT";"MTMYFARM";"BPRODUTOR RURAL";"B";;"967,5";"3.0 EXECUCAO - 3.6 POS PRODUCAO";"NAIANA COELHO";"ANDERSON PEDRO CASSOL";;;8;;"Foi bacana, consultor tem conhecimento prático sobre a ferramenta.";Atendimento do Consultor;Nayara Aguiar;31/07/2025;Consultoria e Serviços, Atendimento do Consultor;Resolvido Satisfeito;Média;Indeterminado;Indeterminado;Indeterminado
91151689;3IA5916449;10/07/25 11:00;21/07/25 14:15;Pesquisa CeS AGM (Farmer) - Apoio Técnico e Treinamentos;Email;"DHYONATAN DE VASCONCELOS LOPES";;dhyonatan.lopes@agromantova.com;;;;45s;"ADMINISTRATIVO";"30000512";"AGROMANTOVA - BALSAS-MA";"BALSAS";"MA";"SIAGRI AGRIMANAGER";"PRODUTOR RURAL";"A";;"18384,75";;"NAIANA COELHO";"FELIPE DA SILVA VERZOTTO";"CONSULTORIA E TREINAMENTOS";;4;7;;Comunicação Ineficiente, Outro;Nathalia Santos;28/07/2025;Consultoria e Serviços, Comunicação;Acoes em andamento;Alta;Indeterminado;Indeterminado;Indeterminado
91141167;9VT7EFD36C;21/07/25 10:39;21/07/25 10:39;Pesquisa CeS MyFarm (Hunter) - Projetos de Implantação;Telefone;"CLEIDE MENDES";d2ba1c72-a491-4348-9d9d-0256383b6fd3;mendes_agronegocios@hotmail.com;;(67) 99959-3081;;;"ADMINISTRATIVO";"30001131";"EWALDO MENDES - GRUPO 2 M - PONTA PORA-MS";"PONTA PORA";"MS";"MYFARM";"PRODUTOR RURAL";"A";;"1850";"3.0 EXECUCAO - 3.6 POS PRODUCAO";"NAIANA COELHO";"RAFAEL ALBINO SANTANA";;;10;10;"Espetacular. Consultor muito atencioso.";Comunicação Clara e Proativa, Execução Eficiente, Atendimento do Consultor;Jaqueline Martins;30/07/2025;Consultoria e Serviços, Comunicação, Execução do Projeto/Treinamento, Atendimento do Consultor;Resolvido Satisfeito;Baixa;Indeterminado;Indeterminado;Indeterminado
91140992;8VZ8DDEEF6;21/07/25 10:32;21/07/25 10:32;Pesquisa CeS MyFarm (Farmer) - Apoio Técnico e Treinamentos;Telefone;"JOÃO EVERTON PAULINO RAMOS ALVES";;fazendastamaria@gmail.com;;(38) 99852-9292;;;"ADMINISTRATIVO";"30000850";"JOAO EVERTON PAULINO RAMOS ALVES - MONTES CLAROS-MG";"MONTES CLAROS";"MG";"MYFARM";"PRODUTOR RURAL";"C";;"409,03";;"NAIANA COELHO";"RAFAEL ALBINO SANTANA";"CONSULTORIA E TREINAMENTOS";;10;;"Muito bom o atendimento, muito prestativo, sempre disposto e tirou todas as duvidas.";Comunicação Clara e Proativa, Execução Eficiente, Atendimento do Consultor;Jaqueline Martins;28/07/2025;Consultoria e Serviços, Comunicação, Execução do Projeto/Treinamento, Atendimento do Consultor;Resolvido Satisfeito;Baixa;Indeterminado;Indeterminado;Indeterminado
91114744;FO70CCC004;18/07/25 15:35;18/07/25 15:35;Pesquisa CeS MyFarm (Hunter) - Projetos de Implantação;Telefone;"LUIZ RICARDO VIEIRA ALVES";;diretoria@bahiaforte.com.br;;(77) 99841-2697;;;"ADMINISTRATIVO";"30001138";"FAZENDA JARAGUA - VITORIA DA CONQUISTA - BA";"VITORIA DA CONQUISTA";"BA";"MYFARM";"PRODUTOR RURAL";"C";;"600";"3.0 EXECUCAO - 3.6 POS PRODUCAO";"NAIANA COELHO";"ANDERSON PEDRO CASSOL";;;10;10;"Ele é muito bom, tirou as duvidas e tá rodando certo.";Comunicação Clara e Proativa, Execução Eficiente, Atendimento do Consultor;Jaqueline Martins;29/07/2025;Consultoria e Serviços, Comunicação, Execução do Projeto/Treinamento, Atendimento do Consultor;Resolvido Satisfeito;Baixa;Indeterminado;Indeterminado;Indeterminado
91114123;TGM81CF0AF;18/07/25 15:13;18/07/25 15:13;Pesquisa CeS AgroScore Siagri AgriManager;Telefone;"GUILHERME FIUMARO TOSTA";;guilherme.fiumaro@fazendaslrkonageski.com.br;;(16) 98152-9844;;;"ADMINISTRATIVO";"30000116";"FAZENDAS LR KONAGESKI - DIAMANTINO-MT";"DIAMANTINO";"MT";"SIAGRI AGRIMANAGER";"PRODUTOR RURAL";"A";;"15120,37";;;;"MONITORIA";"LEONARDO BORGES MENDONÇA";10;;"Correu tudo em conformidade, no atendimento sempre muito atencioso e didático.";;Jaqueline Martins;25/07/2025;AgroScore;Resolvido Satisfeito;Baixa;Indeterminado;Indeterminado;Indeterminado
91113869;IDS162467F;18/07/25 15:05;18/07/25 15:05;Pesquisa CeS AGM (Farmer) - Apoio Técnico e Treinamentos;Telefone;"Pedro Henrique Cervi";8c81552c-cb4a-43b6-9153-130ce2842eea;contabilidade@agromantova.com;;(99) 99901-5414;;;"ADMINISTRATIVO";"30000512";"AGROMANTOVA - BALSAS-MA";"BALSAS";"MA";"SIAGRI AGRIMANAGER";"PRODUTOR RURAL";"A";;"18384,75";;"NAIANA COELHO";"FELIPE DA SILVA VERZOTTO";"CONSULTORIA E TREINAMENTOS";;8;;"O consultor iniciou o atendimento e depois por disponibilidade de agenda não foi possível finalizar as configurações e quem finalizou foi a analista do suporte Tamires. Fora isso no mais foi tudo bem,  no primeiro momento ele passou a parte de configuração. Num segundo momento quando surgiram dúvidas sobre os campos e algumas configurações não conseguimos mais contato com o consultor e quem deu continuidade foi a analista de suporte.";Experiência com o Apoio Técnico/Treinamento, Outro;Nathalia Santos;25/07/2025;Consultoria e Serviços, Execução do Projeto/Treinamento, Experiência de Implantação;Acoes em andamento;Média;Indeterminado;Indeterminado;Indeterminado
91113407;OIY81DE275;18/07/25 14:50;18/07/25 14:50;Pesquisa CeS AGM (Farmer) - Apoio Técnico e Treinamentos;Telefone;"MARIA HELLENA SOARES IRENE";;maria.hellena1@hotmail.com;;(89) 99913-8123;;;"ADMINISTRATIVO";"30000622";"LORINES BORDIGNON - FAZENDA SANTA ISABEL - BOM JESUS-PI";"BOM JESUS";"PI";"SIAGRI AGRIMANAGER";"PRODUTOR RURAL";"C";;"5344,3";;"NAIANA COELHO";"ANDERSON PEDRO CASSOL";"CONSULTORIA E TREINAMENTOS";;8;;"Durante o treinamento o consultor teve uma didática muito boa e entendeu tudo a questão é que nós precisamos de uma consultoria em tempo real, alguém para acompanhar no dia a dia conforme as coisas vão acontecendo e teve situações que foi preciso abrir chamado por erros e o chamado não foi atendimento por falta de informações. Não tem nada de lançamentos até o momento e não estamos conseguindo fazer. Precisamos de alguém que auxilie em tempo real durante os lançamentos das notas e outros documentos. Não é conveniente parar 2 ou 3 dias para treinamento.";Outro;Lucas de Oliveira;25/07/2025;Consultoria e Serviços, Execução do Projeto/Treinamento;Resolvido Satisfeito;Média;Indeterminado;Indeterminado;Indeterminado
90948637;SHBF7775B4;26/06/25 13:25;10/07/25 12:53;Pesquisa CeS MyFarm (Hunter) - Projetos de Implantação;Email;"MAICON A. DA CONCEICAO NODARI";7be7469c-b7cf-4a01-9b0a-7e9dde1ada1b;agroconceicao.sa@gmail.com;maicon.conceicao@hotmail.com;(95) 98351-5159;;1m 4s;"ADMINISTRATIVO";"30001113";"AGRO CONCEICAO - SANTA RITA-EX";"SANTA RITA";"EX";"MYFARM";"PRODUTOR RURAL";"A";;"2000";"3.0 EXECUCAO - 3.6 POS PRODUCAO";"NAIANA COELHO";"RAFAEL ALBINO SANTANA";;;10;;;Planejamento e Organização, Comunicação Clara e Proativa, Execução Eficiente, Atendimento do Consultor;Jaqueline Martins;21/07/2025;Consultoria e Serviços, Planejamento do Projeto/Treinamento, Comunicação, Atendimento do Consultor;Resolvido Satisfeito;Baixa;Indeterminado;Indeterminado;Indeterminado
90944181;XZQ434AE1D;10/07/25 11:00;10/07/25 11:39;Pesquisa CeS MyFarm (Hunter) - Projetos de Implantação;Email;"FLAVIA ROTUNDO";cd065c5f-c35d-4073-9772-d463dffb7b56;financeiro@agrostamaria.com;;(64) 98115-1211;;9s;"ADMINISTRATIVO";"30001147";"KADMO RIBEIRO CARNEIRO - RIO VERDE - GO";"RIO VERDE";"GO";"MYFARM";"PRODUTOR RURAL";"B";;"850";"TREINAMENTO E SIMULAÇÃO II";"NAIANA COELHO";"RAFAEL ALBINO SANTANA";;;6;;"A agenda dos consultores é complicada. A parametrização está lenta.";Outro;Isabella Clarindo Paulino;21/07/2025;Consultoria e Serviços;Resposta sem relação com a pesquisa;Alta;Indeterminado;Indeterminado;Indeterminado
90883762;FCLBA88580;07/07/25 14:19;07/07/25 14:19;Pesquisa CeS AGM (Farmer) - Apoio Técnico e Treinamentos;Telefone;"ELIUDE ROSA DA SILVA";;contabil@agriculturasepp.agr.br;;(77) 99867-0292;;;"ADMINISTRATIVO";"10000625";"AGRICULTURA S. EPP - LUIS EDUARDO MAGALHAES - BA";"LUIS EDUARDO MAGALHAES";"BA";"SIAGRI AGRIMANAGER";"PRODUTOR RURAL";"B";;"9583,85";;"NAIANA COELHO";"FELIPE DA SILVA VERZOTTO";"CONSULTORIA E TREINAMENTOS";;10;;"Foi bacana, teve bastante interação com o pessoal da saturno. O consultor sempre disposto a ajudar. Mas em relação a integração mesmo o consultor não tinha muito conhecimento sobre o por trás do sistema.";Comunicação Clara e Proativa, Atendimento do Consultor;Jaqueline Martins;14/07/2025;Consultoria e Serviços, Comunicação, Atendimento do Consultor;Resolvido Satisfeito;Baixa;Indeterminado;Indeterminado;Indeterminado
90813140;HMYA3A5E40;26/06/25 13:14;03/07/25 13:33;Pesquisa CeS AGM (Farmer) - Apoio Técnico e Treinamentos;Email;"VOLMIR SANTOS";;volmir.santos@3tentos.com.br;;999725712;;26s;"ADMINISTRATIVO";"30000001";"3TENTOS - SANTA BARBARA DO SUL-RS";"SANTA BARBARA DO SUL";"RS";"SIAGRI AGRIMANAGER";"PRODUTOR RURAL";"A";;"183395,63";;"NAIANA COELHO";"LEONARDO BORGES MENDONÇA";"CONSULTORIA E TREINAMENTOS";;10;10;"Excelente atendimento!";Planejamento e Organização, Comunicação Clara e Proativa, Execução Eficiente, Atendimento do Consultor;Jaqueline Martins;10/07/2025;Consultoria e Serviços, Planejamento do Projeto/Treinamento, Comunicação, Execução do Projeto/Treinamento, Atendimento do Consultor;Resolvido Satisfeito;Baixa;Indeterminado;Indeterminado;Indeterminado
90889457;PWV3BA2D1A;26/06/25 16:43;26/06/25 16:43;Pesquisa CeS MyFarm (Hunter) - Projetos de Implantação;Telefone;"ELIZANGELA BECKMANN";;draelizangelabeckmann@gmail.com;;(66) 99674-1987;;;"ADMINISTRATIVO";"30001136";"FAZENDA SARANDI - GUARANTA DO NORTE-MT";"GUARANTA DO NORTE";"MT";"MYFARM";"PRODUTOR RURAL";"B";;"750";"3.0 EXECUCAO - 3.6 POS PRODUCAO";"NAIANA COELHO";"INÁCIO JOSÉ DE OLIVEIRA NETO";;;10;;"Maravilhoso, atendeu as expectativas.";Execução Eficiente, Atendimento do Consultor;Jaqueline Martins;16/07/2025;Consultoria e Serviços, Execução do Projeto/Treinamento, Atendimento do Consultor;Resolvido Satisfeito;Baixa;Indeterminado;Indeterminado;Indeterminado
90889542;2QT4C79672;26/06/25 16:43;26/06/25 16:43;Pesquisa CeS MyFarm (Hunter) - Projetos de Implantação;Telefone;"CLEIDE MENDES";d2ba1c72-a491-4348-9d9d-0256383b6fd3;mendes_agronegocios@hotmail.com;;(67) 99959-3081;;;"ADMINISTRATIVO";"30001131";"EWALDO MENDES - GRUPO 2 M - PONTA PORA-MS";"PONTA PORA";"MS";"MYFARM";"PRODUTOR RURAL";"A";;"1850";"GO LIVE";"NAIANA COELHO";"RAFAEL ALBINO SANTANA";;;10;;"O consultor é espetacular, muito paciente, atencioso.";Atendimento do Consultor;Jaqueline Martins;16/07/2025;Consultoria e Serviços, Atendimento do Consultor;Resolvido Satisfeito;Baixa;Indeterminado;Indeterminado;Indeterminado
90889587;RPEA149EDF;26/06/25 16:43;26/06/25 16:43;Pesquisa CeS MyFarm (Hunter) - Projetos de Implantação;Telefone;"LUIZ RICARDO VIEIRA ALVES";;diretoria@bahiaforte.com.br;;(77) 99841-2697;;;"ADMINISTRATIVO";"30001138";"FAZENDA JARAGUA - VITORIA DA CONQUISTA - BA";"VITORIA DA CONQUISTA";"BA";"MYFARM";"PRODUTOR RURAL";"C";;"600";"TREINAMENTO E SIMULAÇÃO I";"NAIANA COELHO";"ANDERSON PEDRO CASSOL";;;10;;"Foi ótimo, consultor muito bom.";Execução Eficiente, Atendimento do Consultor;Jaqueline Martins;16/07/2025;Consultoria e Serviços, Execução do Projeto/Treinamento, Atendimento do Consultor;Resolvido Satisfeito;Baixa;Indeterminado;Indeterminado;Indeterminado
90885192;MN82796916;26/06/25 14:50;26/06/25 14:50;Pesquisa CeS AgroScore Siagri AgriManager;Telefone;"JOSIANE SPROTTO MULLER";76750190-7bb5-47e6-9f1e-216f1b0e077b;financeiro@fazendapotrich.com.br;;(66) 99985-8930;;;"ADMINISTRATIVO";"10000668";"FAZENDA POTRICH I - SORRISO-MT";"SORRISO";"MT";"SIAGRI AGRIMANAGER";"PRODUTOR RURAL";"B";;"15977,3601";;;;"MONITORIA";"LEONARDO BORGES MENDONÇA";10;;"Todos sempre elogiam muito o trabalho do consultor e as mentorias.";;Jaqueline Martins;14/07/2025;AgroScore;Resolvido Satisfeito;Baixa;Indeterminado;Indeterminado;Indeterminado
90884813;PRG6C59422;26/06/25 14:42;26/06/25 14:42;Pesquisa CeS AGM (Hunter) - Projetos de Implantação;Telefone;"JAQUELINE DA SILVA SANTOS";;fazenda@gruporomancini.com.br;;(65) 99227-7073;;;"ADMINISTRATIVO";"30000942";"GRUPO ROMANCINI - LUCAS DO RIO VERDE - MT";"LUCAS DO RIO VERDE";"MT";"SIAGRI AGRIMANAGER";"PRODUTOR RURAL";"C";;"5125,89";"3.0 EXECUCAO - 3.6 POS PRODUCAO";"NAIANA COELHO";"ANDERSON PEDRO CASSOL";;;10;10;"O atendimento correu muito bem, consultor bem atencioso e ajuda sempre que precisamos.";Comunicação Clara e Proativa, Execução Eficiente, Atendimento do Consultor;Jaqueline Martins;16/07/2025;Consultoria e Serviços, Comunicação, Execução do Projeto/Treinamento, Atendimento do Consultor;Resolvido Satisfeito;Baixa;Indeterminado;Indeterminado;Indeterminado
90837061;5AU440FAE2;26/06/25 14:30;26/06/25 14:30;Pesquisa CeS AgroScore Siagri AgriManager;Telefone;"THIAGO SANTI";;thiago.santi@2ln.com.br;;(67) 99236-0744;;;"T.I.";"10000014";"AGROINSUMOS - SORRISO-MT";"SORRISO";"MT";"SIAGRI AGRIMANAGER";"PRODUTOR RURAL";"A";;"35743,2";;;;"MONITORIA";"LEONARDO BORGES MENDONÇA";10;;"Consultor acima da média, conectado com os assuntos da fazenda. Fez uma implantação recorde. Ótima comunicação, abordou os principais pontos e fez a diferença.";;Jaqueline Martins;11/07/2025;AgroScore;Resolvido Satisfeito;Baixa;Indeterminado;Indeterminado;Indeterminado
90883892;UCEADDF4DA;26/06/25 14:19;26/06/25 14:19;Pesquisa CeS AGM (Farmer) - Apoio Técnico e Treinamentos;Telefone;"MARINA REIGOTA";;marina.reigota@ogawaagro.com.br;;(63) 99281-9730;;;"ADMINISTRATIVO";"30000319";"OGAWA AGRO - NOVA ROSALANDIA - TO";"NOVA ROSALANDIA";"TO";"SIAGRI AGRIMANAGER";"PRODUTOR RURAL";"B";;"11795,33";;"NAIANA COELHO";"LEONARDO BORGES MENDONÇA";"CONSULTORIA E TREINAMENTOS";;10;10;"O consultor é muito atencioso, explica bem e é bastante conhecedor do sistema. O treinamento foi muito proveitoso.";Comunicação Clara e Proativa, Execução Eficiente, Atendimento do Consultor;Jaqueline Martins;14/07/2025;Consultoria e Serviços, Comunicação, Execução do Projeto/Treinamento, Atendimento do Consultor;Resolvido Satisfeito;Baixa;Indeterminado;Indeterminado;Indeterminado
90884114;2OD4D1B390;26/06/25 14:19;26/06/25 14:19;Pesquisa CeS AGM (Farmer) - Apoio Técnico e Treinamentos;Telefone;"GUILHERME FIUMARO TOSTA";;guilherme.fiumaro@fazendaslrkonageski.com.br;;(16) 98152-9844;;;"ADMINISTRATIVO";"30000116";"FAZENDAS LR KONAGESKI - DIAMANTINO-MT";"DIAMANTINO";"MT";"SIAGRI AGRIMANAGER";"PRODUTOR RURAL";"A";;"15120,37";;"NAIANA COELHO";"LEONARDO BORGES MENDONÇA";"CONSULTORIA E TREINAMENTOS";;10;;"O atendimento foi satisfatório, nada do que reclamar.";Atendimento do Consultor;Jaqueline Martins;14/07/2025;Consultoria e Serviços, Atendimento do Consultor;Resolvido Satisfeito;Baixa;Indeterminado;Indeterminado;Indeterminado
90629651;S950DCF707;23/06/25 15:36;23/06/25 15:36;Pesquisa CeS AGM (Farmer) - Apoio Técnico e Treinamentos;Telefone;"MARINA REIGOTA";;marina.reigota@ogawaagro.com.br;;(63) 99281-9730;;;"ADMINISTRATIVO";"30000319";"OGAWA AGRO - NOVA ROSALANDIA - TO";"NOVA ROSALANDIA";"TO";;"SIAGRI AGRIMANAGER";"B";;"11795,33";;"NAIANA COELHO";"FELIPE DA SILVA VERZOTTO";"CONSULTORIA E TREINAMENTOS";;10;;"Foi ótimo! Consultor atencioso, tirou as duvidas e ajudou a configurar o sistema certinho.";Comunicação Clara e Proativa, Execução Eficiente, Atendimento do Consultor;Jaqueline Martins;30/06/2025;Consultoria e Serviços, Execução do Projeto/Treinamento, Atendimento do Consultor;Resolvido Satisfeito;Baixa;Indeterminado;Indeterminado;Indeterminado
90589602;OPTBDFEBAA;20/06/25 14:29;20/06/25 14:29;Pesquisa CeS AgroScore Siagri AgriManager;Telefone;"GUSTAVO GOMES DE SOUZA NEVES";;gustavo.neves@fazendaslrkonageski.com.br;;(65) 99968-9051;;;"ADMINISTRATIVO";"30000116";"FAZENDAS LR KONAGESKI - DIAMANTINO-MT";"DIAMANTINO";"MT";"SIAGRI AGRIMANAGER";"PRODUTOR RURAL";"A";;"13281,65";;;;"DIAGNOSTICO";"LEONARDO BORGES MENDONÇA";10;;"O diagnóstico foi bom, o custo pra corrigir que é caro.";;Jaqueline Martins;27/06/2025;Consultoria e Serviços, Execução do Projeto/Treinamento, Atendimento do Consultor;Resolvido Satisfeito;Baixa;Indeterminado;Indeterminado;Indeterminado
90252364;YWH2C143DF;27/05/25 11:00;03/06/25 11:31;Pesquisa CeS AGM (Farmer) - Apoio Técnico e Treinamentos;Email;"VOLMIR SANTOS";;volmir.santos@3tentos.com.br;;999725712;;35s;"ADMINISTRATIVO";"30000001";"3TENTOS - SANTA BARBARA DO SUL-RS";"SANTA BARBARA DO SUL";"RS";"SIAGRI AGRIMANAGER";"PRODUTOR RURAL";"A";;"183395,63";;"NAIANA COELHO";"LEONARDO BORGES MENDONÇA";"CONSULTORIA E TREINAMENTOS";;10;10;"ótimo atendimento";Planejamento e Organização, Comunicação Clara e Proativa, Execução Eficiente, Atendimento do Consultor;Jaqueline Martins;10/06/2025;Consultoria e Serviços;Resolvido Satisfeito;Baixa;Indeterminado;Indeterminado;Indeterminado
90538880;L76CB9EE4F;29/05/25 16:12;29/05/25 16:12;Pesquisa CeS AGM (Farmer) - Apoio Técnico e Treinamentos;Telefone;"ERICK RODRIGUES";a5fd6c83-573d-4284-be53-5fc1090c57f2;erick.rodrigues@irmaoswalker.com;;(77) 99971-8530;;;"ADMINISTRATIVO";"10000251";"IRMAOS WALKER - LUIS EDUARDO MAGALHAES-BA";"LUIS EDUARDO MAGALHAES";"BA";"SIAGRI AGRIMANAGER";"PRODUTOR RURAL";"B";;"9860,54";;"NAIANA COELHO";"LEONARDO BORGES MENDONÇA";"CONSULTORIA E TREINAMENTOS";;10;10;"Treinamento foi muito bom, consultor tem uma bagagem muita boa e consegue sanar todas as duvidas";Comunicação Clara e Proativa, Execução Eficiente, Atendimento do Consultor;Jaqueline Martins;24/06/2025;Consultoria e Serviços, Execução do Projeto/Treinamento, Atendimento do Consultor;Resolvido Satisfeito;Baixa;Indeterminado;Indeterminado;Indeterminado
90372203;GOH734E0DE;27/05/25 14:32;27/05/25 14:32;Pesquisa CeS MyFarm (Hunter) - Projetos de Implantação;Telefone;"LUCAS GOMES";7dfe192a-e7ac-41dd-8215-66acdf75c578;lucasvalias@hotmail.com;;(35) 99880-4740;;;"ADMINISTRATIVO";"30001108";"SITIO ANGOLINHA - SAO GONCALO DE SAPUCAI-MG";"SAO GONCALO DE SAPUCAI";"MG";"MYFARM";"PRODUTOR RURAL";"C";;"500";"3.0 EXECUCAO - 3.6 POS PRODUCAO";"NAIANA COELHO";"RAFAEL ALBINO SANTANA";;;10;;"Atendimento correu bem e o consultor tirou todas as duvidas";Execução Eficiente, Atendimento do Consultor;Jaqueline Martins;18/06/2025;Consultoria e Serviços;Resolvido Satisfeito;Baixa;Indeterminado;Indeterminado;Indeterminado
90372372;H2PFA9FCB0;27/05/25 14:32;27/05/25 14:32;Pesquisa CeS MyFarm (Hunter) - Projetos de Implantação;Telefone;"ALYNE SILVA";;alyne_ciencia@yahoo.com.br;;(62) 99107-5337;;;"ADMINISTRATIVO";"30017658";"GILMAR ARTIAGA DE ALMEIDA";"ITABERAI";"GO";"MYFARM";"PRODUTOR RURAL";"C";;"700";"TREINAMENTO E SIMULAÇÃO I";"NAIANA COELHO";"RAFAEL ALBINO SANTANA";;;10;;"Treinamento ótimo e consultor ótimo";Comunicação Clara e Proativa, Execução Eficiente, Atendimento do Consultor;Jaqueline Martins;18/06/2025;Consultoria e Serviços;Resolvido Satisfeito;Baixa;Indeterminado;Indeterminado;Indeterminado
90372688;5SLC914585;27/05/25 14:32;27/05/25 14:32;Pesquisa CeS MyFarm (Hunter) - Projetos de Implantação;Telefone;"PETRUSKA LAGINSKI";3e2c4749-0a26-435f-a209-b1ec64d7ada5;laginskipetruska@gmail.com;;(41) 99749-7319;;;"ADMINISTRATIVO";"30001115";"CONDOMINIO LAGINSKI - BAIXA GRANDE DO RIBEIRO-PI";"CURITIBA";"PR";"MYFARM";"PRODUTOR RURAL";"a";;"1290";"3.0 EXECUCAO - 3.6 POS PRODUCAO";"NAIANA COELHO";"INÁCIO JOSÉ DE OLIVEIRA NETO";;;10;;"Atendimento correu bem e o consultor tem muito conhecimento e didática";Comunicação Clara e Proativa, Execução Eficiente, Atendimento do Consultor;Jaqueline Martins;18/06/2025;Consultoria e Serviços;Resolvido Satisfeito;Baixa;Indeterminado;Indeterminado;Indeterminado
90371860;VXQ853E390;27/05/25 14:21;27/05/25 14:21;Pesquisa CeS AGM (Farmer) - Apoio Técnico e Treinamentos;Telefone;"RENATA";;renata.ferreiram@hotmail.com;;(37) 99941-2454;;;"ADMINISTRATIVO";"30000935";"AGRO GUIA AGRONEGOCIOS - FAZENDA VARJAO - PIUMHI-MG";"PIUMHI";"MG";"SIAGRI AGRIMANAGER";"PRODUTOR RURAL";"D";;"3225,07";;"NAIANA COELHO";"LAIS LEMOS LAUZADA";"CONSULTORIA E TREINAMENTOS";;10;7;"Treinamento foi bom e o atendimento da consultora também";Execução Eficiente, Atendimento do Consultor;Jaqueline Martins;16/06/2025;Consultoria e Serviços;Resolvido Satisfeito;Baixa;Indeterminado;Indeterminado;Indeterminado
90127324;YWH2C143DF;27/05/25 11:00;27/05/25 11:19;Pesquisa CeS AGM (Farmer) - Apoio Técnico e Treinamentos;Email;"DHYONATAN DE VASCONCELOS LOPES";;dhyonatan.lopes@agromantova.com;;;;17s;"ADMINISTRATIVO";"30000512";"AGROMANTOVA - BALSAS-MA";"BALSAS";"MA";"SIAGRI AGRIMANAGER";"PRODUTOR RURAL";"A";;"18384,75";;"NAIANA COELHO";"FELIPE DA SILVA VERZOTTO";"CONSULTORIA E TREINAMENTOS";;7;;;Comunicação, Experiência com o Apoio Técnico/Treinamento;Nathalia Santos;03/06/2025;Consultoria e Serviços, Comunicação, Experiência de Implantação;Acoes em andamento;Média;Indeterminado;Indeterminado;Indeterminado
89903305;YED0665806;14/05/25 11:00;14/05/25 11:09;Pesquisa CeS AGM (Farmer) - Apoio Técnico e Treinamentos;Email;"VOLMIR SANTOS";;volmir.santos@3tentos.com.br;;999725712;;40s;"ADMINISTRATIVO";"30000001";"3TENTOS - SANTA BARBARA DO SUL-RS";"SANTA BARBARA DO SUL";"RS";"SIAGRI AGRIMANAGER";"PRODUTOR RURAL";"A";;"183395,63";;"NAIANA COELHO";"LEONARDO BORGES MENDONÇA";"CONSULTORIA E TREINAMENTOS";;10;10;"Fomos 100% atendido no que precisávamos.";Planejamento e Organização, Comunicação Clara e Proativa, Execução Eficiente, Atendimento do Consultor;Jaqueline Martins;21/05/2025;Consultoria e Serviços, Execução do Projeto/Treinamento;Resolvido Satisfeito;Baixa;Indeterminado;Indeterminado;Indeterminado
90064501;CKY9CAF589;30/04/25 08:43;30/04/25 08:43;Pesquisa CeS MyFarm (Hunter) - Projetos de Implantação;Telefone;"TIAGO CAMELI";c5b72427-0378-4c8d-a6ee-5ce75dfe491a;tiago@jccempresas.onmicrosoft.com;;(68) 99974-9950;;;"ADMINISTRATIVO";"30001094";"FAZENDA SAO PEDRO - CRUZEIRO DO SUL-AC";"CRUZEIRO DO SUL";"AC";"MYFARM";"PRODUTOR RURAL";"B";;"990";"3.0 EXECUCAO - 3.2 SIMULACAO / TREINAMENTOS";"NAIANA COELHO";"RAFAEL ALBINO SANTANA";;;9;;"Foi bom o treinamento e bem explicativo. Não foi 10 pq entra em detalhes que não são pertinentes, mas o treinamento foi bom";Comunicação Clara e Proativa, Execução Eficiente, Atendimento do Consultor;Jaqueline Martins;03/06/2025;Consultoria e Serviços, Comunicação, Execução do Projeto/Treinamento, Atendimento do Consultor;Resolvido Satisfeito;Baixa;Indeterminado;Indeterminado;Indeterminado
90064534;5HZEEABE01;30/04/25 08:43;30/04/25 08:43;Pesquisa CeS MyFarm (Hunter) - Projetos de Implantação;Telefone;"SARA BONINI BRESSA";;financeiro.nsradapaz@gmail.com;;(99) 99649-1696;;;"ADMINISTRATIVO";"30001096";"FAZENDA NOSSA SENHORA DA PAZ - BALSAS-MA";"BALSAS";"MA";"MYFARM";"PRODUTOR RURAL";"A";;"3207,28";"3.0 EXECUCAO - 3.2 SIMULACAO / TREINAMENTOS";"NAIANA COELHO";"RAFAEL ALBINO SANTANA";;;10;;"Consultor muito solicito, entende as necessidades, consegue traduzir para fazer o entendimento. Treinamento foi bom. ";Comunicação Clara e Proativa, Execução Eficiente, Atendimento do Consultor;Jaqueline Martins;03/06/2025;Consultoria e Serviços, Comunicação, Execução do Projeto/Treinamento, Atendimento do Consultor;Resolvido Satisfeito;Baixa;Indeterminado;Indeterminado;Indeterminado
90099988;65W7AB30A0;30/04/25 08:37;30/04/25 08:37;Pesquisa CeS MyFarm (Hunter) - Projetos de Implantação;Telefone;"ALINE OLIVEIRA DOS SANTOS";48606084-2312-49a3-abf7-6d174150d6a3;financeiro@agrocarreira.com;;(64) 98139-3870;;;"ADMINISTRATIVO";"30001074";"JOSE  MARIA CARREIRA - RIO VERDE-GO";"RIO VERDE";"GO";"MYFARM";"PRODUTOR RURAL";"A";;"12270";"3.0 EXECUCAO - 3.2 SIMULACAO / TREINAMENTOS";"NAIANA COELHO";"ANDERSON PEDRO CASSOL";;;10;;"Treinamento correu muito bem e o consultor é excelente.";Comunicação Clara e Proativa, Execução Eficiente, Atendimento do Consultor;Jaqueline Martins;04/06/2025;Consultoria e Serviços, Comunicação, Execução do Projeto/Treinamento, Atendimento do Consultor;Resolvido Satisfeito;Baixa;Indeterminado;Indeterminado;Indeterminado
90064423;XXKC5C60BC;30/04/25 08:36;30/04/25 08:36;Pesquisa CeS MyFarm (Farmer) - Apoio Técnico e Treinamentos;Telefone;"EROALDO DALLA SANTANA";09d75959-aa08-4e9f-8739-21a862230ecf;edroaldo@miagro.com.br;;(54) 99669-1302;;;"ADMINISTRATIVO";"30000866";"CRISTIANO TRINTIN MACHADO - LAGOA VERMELHA-RS";"LAGOA VERMELHA";"RS";"MYFARM";"PRODUTOR RURAL";"C";;"606,17";;"NAIANA COELHO";"RAFAEL ALBINO SANTANA";"CONSULTORIA E TREINAMENTOS";;10;;"Tudo ótimo, tudo 100%..consultor foi incrível";Comunicação Clara e Proativa, Execução Eficiente, Atendimento do Consultor;Jaqueline Martins;30/05/2025;Consultoria e Serviços, Comunicação, Execução do Projeto/Treinamento, Atendimento do Consultor;Resolvido Satisfeito;Baixa;Indeterminado;Indeterminado;Indeterminado
90064459;VFR51D7F53;30/04/25 08:36;30/04/25 08:36;Pesquisa CeS MyFarm (Farmer) - Apoio Técnico e Treinamentos;Telefone;"SARA BONINI BRESSA";;financeiro.nsradapaz@gmail.com;;(99) 99649-1696;;;"ADMINISTRATIVO";"30001096";"FAZENDA NOSSA SENHORA DA PAZ - BALSAS-MA";"BALSAS";"MA";"MYFARM";"PRODUTOR RURAL";"A";;"3207,28";;"NAIANA COELHO";"RAFAEL ALBINO SANTANA";"CONSULTORIA E TREINAMENTOS";;10;;"Consultor muito solicito, entende as necessidades, consegue traduzir para fazer o entendimento. Treinamento foi bom.";Comunicação Clara e Proativa, Execução Eficiente, Atendimento do Consultor;Jaqueline Martins;30/05/2025;Consultoria e Serviços, Comunicação, Execução do Projeto/Treinamento, Atendimento do Consultor;Resolvido Satisfeito;Baixa;Indeterminado;Indeterminado;Indeterminado
90099916;G11096960B;30/04/25 08:32;30/04/25 08:32;Pesquisa CeS MyFarm (Farmer) - Apoio Técnico e Treinamentos;Telefone;"DEBORAH BORGES";63d8394d-34fe-4ed4-a9bd-48b2273941fb;fazendaaltoriopretoconfresa@gmail.com;;(64) 99976-1296;;;"ADMINISTRATIVO";"30000867";"RICARDO TADACHI NOZAQUI -MINEIROS- GO";"MINEIROS";"GO";"MYFARM";"PRODUTOR RURAL";"A";;"10000";;"NAIANA COELHO";"RAFAEL ALBINO SANTANA";"CONSULTORIA E TREINAMENTOS";;10;;"Treinamento foi bom, esclareceu bastante duvida";Comunicação Clara e Proativa, Execução Eficiente, Atendimento do Consultor;Jaqueline Martins;02/06/2025;Consultoria e Serviços, Comunicação, Execução do Projeto/Treinamento, Atendimento do Consultor;Resolvido Satisfeito;Baixa;Indeterminado;Indeterminado;Indeterminado
90064353;RUXA5C4BBB;30/04/25 08:31;30/04/25 08:31;Pesquisa CeS AGM (Farmer) - Apoio Técnico e Treinamentos;Telefone;"JACQUELINE LEÃO DA SILVA";;agropecuariajdescritorio@gmail.com;;(62) 99992-6513;;;"ADMINISTRATIVO";"30000476";"AGROPECUARIA JEAN DARROT - ARUANA - GO";"ARUANA";"GO";"SIAGRI AGRIMANAGER";"PRODUTOR RURAL";"C";;"3862,34";;"NAIANA COELHO";"LUIS CARLOS GONCALVES OLIVEIRA";"CONSULTORIA E TREINAMENTOS";;10;9;"Foi ótimo! Eficiente e prestativo.";Execução Eficiente, Atendimento do Consultor;Jaqueline Martins;30/05/2025;Consultoria e Serviços, Comunicação, Execução do Projeto/Treinamento, Atendimento do Consultor;Resolvido Satisfeito;Baixa;Indeterminado;Indeterminado;Indeterminado
90099786;FG0694C1AD;30/04/25 08:21;30/04/25 08:21;Pesquisa CeS AGM (Farmer) - Apoio Técnico e Treinamentos;Telefone;"RENATA";;renata.ferreiram@hotmail.com;;(37) 99941-2454;;;"ADMINISTRATIVO";"30000935";"AGRO GUIA AGRONEGOCIOS - FAZENDA VARJAO - PIUMHI-MG";"PIUMHI";"MG";"SIAGRI AGRIMANAGER";"PRODUTOR RURAL";"D";;"3225,07";;"NAIANA COELHO";"LEONARDO BORGES MENDONÇA";"CONSULTORIA E TREINAMENTOS";;7;;"Gostou do treinamento mas ficou a sensação que ele fez o treinamento no modulo errado pq o suporte falava que era no armazenagem e o consultor passou o treinamento referente a outro referente ao sped em outro módulo. Mas o treinamento foi bom.";Experiência com o Apoio Técnico/Treinamento, Outro;Lucas de Oliveira;02/06/2025;Consultoria e Serviços, Execução do Projeto/Treinamento, Experiência de Implantação;Esclarecimentos efetuados;Média;Indeterminado;Indeterminado;Indeterminado
90099833;NDCB48A497;30/04/25 08:21;30/04/25 08:21;Pesquisa CeS AGM (Farmer) - Apoio Técnico e Treinamentos;Telefone;"GUSTAVO GOMES DE SOUZA NEVES";;gustavo.neves@fazendaslrkonageski.com.br;;(65) 99968-9051;;;"ADMINISTRATIVO";"30000116";"FAZENDAS LR KONAGESKI - DIAMANTINO-MT";"DIAMANTINO";"MT";"SIAGRI AGRIMANAGER";"PRODUTOR RURAL";"A";;"13281,65";;"NAIANA COELHO";"LEONARDO BORGES MENDONÇA";"CONSULTORIA E TREINAMENTOS";;10;;"O consultor é bem prestativo.";Atendimento do Consultor;Jaqueline Martins;02/06/2025;Consultoria e Serviços, Atendimento do Consultor;Resolvido Satisfeito;Baixa;Indeterminado;Indeterminado;Indeterminado
90099871;CWT5FC19DF;30/04/25 08:21;30/04/25 08:21;Pesquisa CeS AGM (Farmer) - Apoio Técnico e Treinamentos;Telefone;"HARRISON CESAR DE SOUZA COLTRE";;harrison.coltre@agricolazamo.com.br;;(69) 98159-2233;;;"ADMINISTRATIVO";"10000783";"AGRICOLA ZAMO - PORTO VELHO-RO";"PORTO VELHO";"RO";"SIAGRI AGRIMANAGER";"PRODUTOR RURAL";"C";;"6792,36";;"NAIANA COELHO";"LEONARDO BORGES MENDONÇA";"CONSULTORIA E TREINAMENTOS";;10;;"Respondeu todas as questões, trouxe melhorias e resolveu o que havia para resolver.";Comunicação Clara e Proativa, Execução Eficiente, Atendimento do Consultor;Jaqueline Martins;02/06/2025;Consultoria e Serviços, Comunicação, Execução do Projeto/Treinamento, Atendimento do Consultor;Resolvido Satisfeito;Baixa;Indeterminado;Indeterminado;Indeterminado
89519639;B2Y46600D7;23/04/25 14:25;23/04/25 14:33;Pesquisa CeS AGM (Farmer) - Apoio Técnico e Treinamentos;Email;"VOLMIR SANTOS";;volmir.santos@3tentos.com.br;;999725712;;13s;"ADMINISTRATIVO";"30000001";"3TENTOS - SANTA BARBARA DO SUL-RS";"SANTA BARBARA DO SUL";"RS";"SIAGRI AGRIMANAGER";"PRODUTOR RURAL";"A";;"18339563";;"JAQUELINE MARTINS";"LEONARDO BORGES MENDONÇA";"CONSULTORIA E TREINAMENTOS";;10;10;;Planejamento e Organização, Comunicação Clara e Proativa, Execução Eficiente, Atendimento do Consultor;Jaqueline Martins;30/04/2025;Consultoria e Serviços;Resolvido Satisfeito;Baixa;Indeterminado;Indeterminado;Indeterminado
89376527;N1NB20491F;04/04/25 16:02;15/04/25 08:09;Pesquisa CeS MyFarm (Hunter) - Projetos de Implantação;Email;"BRUNO FARIA";;bruno@contassel.com.br;;(34) 99806-7886;;10s;"ADMINISTRATIVO";"30017444";"RESULT AGRO LTDA";"PATOS DE MINAS";"MG";"MYFARM";"PRODUTOR RURAL";"C";;"550";"3.0 EXECUCAO - 3.2 SIMULACAO / TREINAMENTOS";"JAQUELINE MARTINS";"ANDERSON PEDRO CASSOL";;;10;;"muito bom";Planejamento e Organização;Jaqueline Martins;24/04/2025;Consultoria e Serviços, Atendimento do Consultor;Resolvido Satisfeito;Baixa;Indeterminado;Indeterminado;Indeterminado
89326961;S357018B9F;04/04/25 15:49;11/04/25 17:44;Pesquisa CeS AGM (Farmer) - Apoio Técnico e Treinamentos;Email;"ELVES SOUSA MACHADO";;elves@agrosalgueiro.com;;(61) 3033-9502;(61) 36422-0000;1m 21s;"ADMINISTRATIVO";"10000246";"GRUPO AGROSALGUEIRO - FORMOSA-GO";"FORMOSA";"GO";"SIAGRI AGRIMANAGER";"PRODUTOR RURAL";"B";;"9221,92";;"JAQUELINE MARTINS";"LUIS CARLOS GONCALVES OLIVEIRA";"SERVICOS REMOTOS > CRIACAO DE EMPRESAS";;7;;;Planejamento e Execução, Atendimento do Consultor;Julio Cesar Andrade dos Santos;18/04/2025;Consultoria e Serviços;Resolvido Satisfeito;Média;Indeterminado;Indeterminado;Indeterminado
89183107;S357018B9F;04/04/25 15:49;04/04/25 17:12;Pesquisa CeS AGM (Farmer) - Apoio Técnico e Treinamentos;Email;"VOLMIR SANTOS";;volmir.santos@3tentos.com.br;;999725712;;47s;"ADMINISTRATIVO";"30000001";"3TENTOS - SANTA BARBARA DO SUL-RS";"SANTA BARBARA DO SUL";"RS";"SIAGRI AGRIMANAGER";"PRODUTOR RURAL";"A";;"181334,67";;"JAQUELINE MARTINS";"LEONARDO BORGES MENDONÇA";"CONSULTORIA E TREINAMENTOS";;10;10;"otimo atendimento,";Planejamento e Organização, Comunicação Clara e Proativa, Execução Eficiente, Atendimento do Consultor;Jaqueline Martins;11/04/2025;Consultoria e Serviços, Atendimento do Consultor;Resolvido Satisfeito;Baixa;Indeterminado;Indeterminado;Indeterminado
88879265;SHS6F08BAD;14/03/25 07:45;22/03/25 16:48;Pesquisa CeS MyFarm (Hunter) - Projetos de Implantação;Email;"DIONATAN DONATO";eb228b84-e65e-4d89-8a16-9e9385526cb4;dionatan@grupodonato.com;;(55) 99902-2792;;48s;"ADMINISTRATIVO";"30017265";"DIONATAN DONATO";"PEJUCARA";"RS";"MYFARM";"PRODUTOR RURAL";"B";;"R$ 650,00";"3.0 EXECUCAO - 3.1 PARAMETRIZACAO";"JAQUELINE MARTINS";"ANDERSON PEDRO CASSOL";;;7;;"O App no iPhone 16 pro max demora pra carregar e da bug!";Outro;Julio Cesar Andrade dos Santos;01/04/2025;Consultoria e Serviços, Adaptação ao Negócio;Resolvido Satisfeito;Média;Indeterminado;Indeterminado;Indeterminado
88703847;IBE43C2062;14/03/25 07:38;14/03/25 07:45;Pesquisa CeS MyFarm (Hunter) - Projetos de Implantação;Email;"DIMAS DE OLIVEIRA";b5a1f120-39e4-4b7b-b436-886c3438cc61;csgagricola.dimas@gmail.com;;;;18s;"ADMINISTRATIVO";"30017118";"GIOVANI SACCARDO CLEMENTE IE: 28.844.404-3";"NAVIRAI";"MS";"MYFARM";"PRODUTOR RURAL";"A";;"R$ 19.800,00";"3.0 EXECUCAO - 3.3 GO LIVE (ENTRADA EM PRODUCAO)";"JAQUELINE MARTINS";"INÁCIO JOSÉ DE OLIVEIRA NETO";;;0;;;Problemas no Planejamento do Projeto, Comunicação Ineficiente, Dificuldades na Execução, Atendimento do Consultor;Julio Cesar Andrade dos Santos;25/03/2025;Consultoria e Serviços;Esclarecimentos efetuados;Alta;Indeterminado;Indeterminado;Indeterminado
87599002;ZGW7EA07F5;16/01/25 07:44;16/01/25 07:44;Pesquisa CeS AGM (Farmer) - Apoio Técnico e Treinamentos;Telefone;"DEILSON COELHO";;deilson.coelho@gruposebben.com.br;;(65) 99358-3546;;;"ADMINISTRATIVO";;"GRUPO SEBBEN - ADUFERTIL COMERCIO E REPRESENTACOES - COMODORO - MT";"COMODORO";"MT";"SIAGRI AGRIMANAGER";"PRODUTOR RURAL";"B";;"R$ 15.547,16";;"JAQUELINE MARTINS";"ANDERSON PEDRO CASSOL";"CONSULTORIA E TREINAMENTOS";;10;;;Planejamento e Organização, Comunicação Clara e Proativa, Execução Eficiente, Atendimento do Consultor;Julio Cesar Andrade dos Santos;23/01/2025;Consultoria e Serviços;Resolvido Satisfeito;Baixa;Indeterminado;Indeterminado;Indeterminado
87464396;YTT3C8719E;09/01/25 09:56;09/01/25 09:56;Pesquisa CeS AGM (Farmer) - Apoio Técnico e Treinamentos;Telefone;"ANDREA GENNARI";;andreagennari@agrotamareira.com.br;;(16) 98111-8819;;;"ADMINISTRATIVO";;"ONECIO SILVEIRA PRADO JUNIOR - FAZENDA TAMAREIRA - RIBEIRAO PRETO-SP";"RIBEIRAO PRETO";"SP";"SIAGRI AGRIMANAGER";"PRODUTOR RURAL";"D";;"R$ 4.220,89";;"JAQUELINE MARTINS";"FELIPE DA SILVA VERZOTTO";"CONSULTORIA E TREINAMENTOS";;10;;"Felipe é nota 11. Ele é super didático e conhece bem o sistema, então às vezes o pessoal tem dúvida em alguma coisa muito pontual e ele explica como aquilo está integrado com os módulos, onde começa e onde termina... Isso é importante para eles entenderem o porque estão fazendo lançamento e o motivo de fazer daquela forma. Foi bem legal esse retreinamento que a gente acabou fazendo.";Planejamento e Organização, Comunicação Clara e Proativa, Execução Eficiente, Atendimento do Consultor;Julio Cesar Andrade dos Santos;16/01/2025;Consultoria e Serviços;Resolvido Satisfeito;Baixa;Indeterminado;Indeterminado;Indeterminado
87463688;E0EBAA0477;09/01/25 09:32;09/01/25 09:32;Pesquisa CeS AGM (Hunter) - Projetos de Implantação;Telefone;"JAQUELINE DA SILVA SANTOS";;fazenda@gruporomancini.com.br;;(65) 99227-7073;;;"GERENTE ADMINISTRATIVO";"30000942";"GRUPO ROMANCINI - LUCAS DO RIO VERDE - MT";"LUCAS DO RIO VERDE";"MT";"SIAGRI AGRIMANAGER";"PRODUTOR RURAL";"C";;"R$ 3.265,05";"GO LIVE";"JAQUELINE MARTINS";"ANDERSON PEDRO CASSOL";;;10;10;;Planejamento e Organização, Comunicação Clara e Proativa, Execução Eficiente, Solução Alinhada ao Negócio, Atendimento do Consultor;Julio Cesar Andrade dos Santos;20/01/2025;Consultoria e Serviços;Resolvido Satisfeito;Baixa;Indeterminado;Indeterminado;Indeterminado