#;Lote do Disparo;Data/Hora do Disparo;Data/Hora da Opinião;Campanha;Coleta;Nome;Identificador;E-mail;E-mail Alternativo;Telefone;Telefone Alternativo;Tempo de Resposta;Cargo;ID da Conta;Nome da Conta;Cidade;Estado;Linha Produto;Bandeira;Macro-Segmento;Micro-Segmento;Manutenção;BUCliente;ID;Etapa do Projeto;Gerente de Projeto;Consultor;Tipo de Serviço;UF;Linha de Produto;Versão do sistema;Consultor Responsável;Nota;Nota Anterior;Comentário;Justificativas;Responsável;Deadline;Categoria;Status;Prioridade;Tempo até 1º status;Tempo até resolução;Tempo total de tratativa
98148860;03WB58568A;24/09/26 08:25;26/09/26 08:54;Pesquisa CeS MyFarm (Hunter) - Projetos de Implantação;Email;"JEFFERSON LIMA BRAGA";1176a98a-0616-406c-a733-d7899e27f7d6;jeffersonlbraga@icloud.com;;(98) 98719-6617;;4m 47s;"ADMINISTRATIVO";"30000799";"JEFFERSON LIMA BRAGA - SAO LUIS-MA";"SAO LUIS";"MA";"MYFARM";;"PRODUTOR RURAL";"B";"507.45";"Produtor Rural";;"TREINAMENTO E SIMULAÇÃO II";"Jaqueline Martins";"GUILHERME JOB LIMA DE SOUZA";;;;;;4;;"Fiz a assinatura do sistema, mas infelizmente teve problema na implantação do projeto. Foi me vendido um número insuficiente de horas para implantação e sem falar que foi totalmente negligenciado quanto ao prazo dessa implantação. Eu já havia utilizado o sistema do Myfarm antes e tinha uma excelente avaliação, mas dessa vez, não tive uma boa experiência.";Problemas no Planejamento do Projeto, Comunicação Ineficiente;Julio Cesar Andrade dos Santos;06/10/2026;;Nenhum;Alta;Indeterminado;Indeterminado;Indeterminado
98125719;LEP0ECAC7C;24/09/26 08:24;24/09/26 09:49;Pesquisa CeS MyFarm (Farmer) - Apoio Técnico e Treinamentos;Email;"ELPIDIO NEREU ZANCHET";f4d0add4-845c-4b97-8558-7344b7dd2cc5;fazendagavea.sp@gmail.com;elpidioz@uol.com.br;(11) 99981-5204;;1m 7s;"ADMINISTRATIVO";"30000885";"ELPIDIO NEREU ZANCHET - SAO PAULO-SP";"SAO PAULO";"SP";"MYFARM";;"PRODUTOR RURAL";"C";"485.06";"Produtor Rural";;;"Jaqueline Martins";"GUILHERME JOB LIMA DE SOUZA";"CONSULTORIA E TREINAMENTOS";;;;;8;9;;Planejamento e Execução;Julio Cesar Andrade dos Santos;01/10/2026;;Nenhum;Média;Indeterminado;Indeterminado;Indeterminado
97896992;OB13C3971A;02/09/26 09:10;03/09/26 09:50;Pesquisa CeS MyFarm (Farmer) - Apoio Técnico e Treinamentos;Email;"ROSANA APARECIDA BURANELO PASCOAL";ef5151d0-b7da-42ec-83d5-7e58b46ff8e9;saojose.pascoal@gmail.com;;;;11s;"ADMINISTRATIVO";"30001170";"FAZENDA SAO JOSE - CANARANA-MT";"CANARANA";"MT";"MYFARM";;"PRODUTOR RURAL";"B";"2810.7";"Produtor Rural";;;"Jaqueline Martins";"LUCAS NOGUEIRA DE LIMA";"CONSULTORIA E TREINAMENTOS";;;;;8;;;Comunicação, Atendimento do Consultor;Ana Flavia Moreira Rocha;10/09/2026;MyFarm;Pendente Atuacao;Média;20d 23h 20m;Indeterminado;Indeterminado
97708084;32S87A8D8D;11/08/26 08:00;18/08/26 08:03;Pesquisa CeS AGM (Farmer) - Apoio Técnico e Treinamentos;Email;"ANGELA PEREIRA LIMA";;mhatrizpesquisa05@gmail.com;;(64) 98442-2674;;53s;"ADMINISTRATIVO";"10000676";"PRIORIZI - PALMEIRAS DE GOIAS-GO";"PALMEIRAS DE GOIAS";"GO";"SIAGRI AGRIMANAGER";;"PRODUTOR RURAL";"D";"3213.55";"Produtor Rural";;;"Jaqueline Martins";"RHEIDER TELES SILVEIRA";"CONSULTORIA E TREINAMENTOS";;;;;8;;;Experiência com o Apoio Técnico/Treinamento;Andrezza Perroni;25/08/2026;Siagri AgriManager;Pendente Atuacao;Média;13d 23h 54m;Indeterminado;Indeterminado
97495368;NSB9DD72CB;30/07/26 09:05;30/07/26 12:35;Pesquisa CeS MyFarm (Farmer) - Apoio Técnico e Treinamentos;Email;"ELPIDIO NEREU ZANCHET";f4d0add4-845c-4b97-8558-7344b7dd2cc5;fazendagavea.sp@gmail.com;elpidioz@uol.com.br;(11) 99981-5204;;1m 26s;"ADMINISTRATIVO";"30000885";"ELPIDIO NEREU ZANCHET - SAO PAULO-SP";"SAO PAULO";"SP";"MYFARM";;"PRODUTOR RURAL";"C";"485.06";"Produtor Rural";;;"Jaqueline Martins";"LUCAS NOGUEIRA DE LIMA";"CONSULTORIA E TREINAMENTOS";;;;;9;9;"Atendentes atenciosos e eficientes!";Planejamento e Organização, Comunicação Clara e Proativa, Execução Eficiente, Atendimento do Consultor;Julio Cesar Andrade dos Santos;06/08/2026;Relacionamento, MyFarm, Produtor Rural;Resolvido Satisfeito;Baixa;19h 24m;19h 24m;19h 24m
97421066;RBFBAB8742;16/07/26 17:51;23/07/26 19:27;Pesquisa CeS MyFarm (Farmer) - Apoio Técnico e Treinamentos;Email;"JUCIANE LOPES";1eb5ddad-e32b-4898-9029-8dda2de37b9f;financeiro@agrolopei.com.br;j.lopesmeinerz@gmail.com;(45) 99981-1674;;3m 23s;"ADMINISTRATIVO";"30000710";"AGRO LOPEI S.A -CASCAVEL- PR";"CASCAVEL";"PR";"MYFARM";;"PRODUTOR RURAL";"A";"592.6625";"Produtor Rural";;;"Jaqueline Martins";"GUILHERME JOB LIMA DE SOUZA";"CONSULTORIA E TREINAMENTOS";;;;;9;10;;Atendimento do Consultor;Ramona Gomes de Brito;30/07/2026;MyFarm;Resolvido Satisfeito;Baixa;3d 18h 33m;3d 18h 33m;3d 18h 33m
97391630;QGWAEC0202;21/07/26 16:40;21/07/26 16:40;Pesquisa CeS AgroScore Siagri AgriManager;Telefone;"GUILHERME FIUMARO TOSTA";;guilherme.fiumaro@fazendaslrkonageski.com.br;;(16) 98152-9844;;;"ADMINISTRATIVO";"30000116";"FAZENDAS LR KONAGESKI - DIAMANTINO-MT";"DIAMANTINO";"MT";"SIAGRI AGRIMANAGER";;"PRODUTOR RURAL";"A";;"PRODUTOR RURAL";;;;;"MONITORIA";;;;"LEONARDO BORGES MENDONÇA";10;10;"RECOMENDO ELE SEMPRE, MUIITO PRESTATIVO, NAO TENHO O QUE RECLAMAR.";;Ramona Gomes de Brito;28/07/2026;Siagri AgriManager;Resolvido Satisfeito;Baixa;21h 22m;21h 22m;21h 22m
97391572;MCDBA0E955;21/07/26 16:37;21/07/26 16:37;Pesquisa CeS MyFarm (Farmer) - Apoio Técnico e Treinamentos;Telefone;"JUCIANE LOPES";1eb5ddad-e32b-4898-9029-8dda2de37b9f;financeiro@agrolopei.com.br;j.lopesmeinerz@gmail.com;(45) 99981-1674;;;"ADMINISTRATIVO";"30000710";"AGRO LOPEI S.A -CASCAVEL- PR";"CASCAVEL";"PR";"MYFARM";;"PRODUTOR RURAL";"A";;"PRODUTOR RURAL";;;"Jaqueline Martins";"GUILHERME JOB LIMA DE SOUZA";"CONSULTORIA E TREINAMENTOS";;;;;10;;"MUITO GENTE FINA, MUITO BOM O TRABALHO DELE. ";Atendimento do Consultor;Ramona Gomes de Brito;28/07/2026;MyFarm;Resolvido Satisfeito;Baixa;21h 25m;21h 25m;21h 25m
97287444;MRP1AEDDD1;13/07/26 10:04;13/07/26 10:04;Pesquisa CeS AGM (Farmer) - Apoio Técnico e Treinamentos;Telefone;"ROBINSON MARCELO APOLINARIO";;fazendacongonhas@hotmail.com;;(34) 99903-4973;;;"ADMINISTRATIVO";"30000029";"GUSTAVO FREDERICO BURGUER AGUIAR - FAZENDA CONGONHAS-IBIA-MG";"IBIA";"MG";"SIAGRI AGRIMANAGER";;"PRODUTOR RURAL";"C";"4201,85";"PRODUTOR RURAL";;;"Jaqueline Martins";"LEONARDO BORGES MENDONÇA";"CONSULTORIA E TREINAMENTOS";;;;;8;10;"TEM NOS ATENDIDO BEM. TEM ATENDIDO AS EXPECTATIVAS, CONHECE BEM O SISTEMA";Experiência com o Apoio Técnico/Treinamento;Amanda Cristina da Silva Santos;20/07/2026;Siagri AgriManager;Resolvido Satisfeito;Média;3d 23h 22m;17d 19m;17d 19m
97287470;5B3B220800;13/07/26 10:04;13/07/26 10:04;Pesquisa CeS AGM (Farmer) - Apoio Técnico e Treinamentos;Telefone;"SERGIO";;contasapagar@fazcarioca.com.br;;;;;"FINANCEIRO";"10000509";"FAZENDA CARIOCA - ITIQUIRA-MT";"ITIQUIRA";"MT";"SIAGRI AGRIMANAGER";;"PRODUTOR RURAL";"D";"3316,24";"PRODUTOR RURAL";;;"Jaqueline Martins";"LEONARDO BORGES MENDONÇA";"CONSULTORIA E TREINAMENTOS";;;;;10;;;Outro;Ramona Gomes de Brito;20/07/2026;Siagri AgriManager;Resolvido Satisfeito;Baixa;3d 23h 18m;3d 23h 18m;3d 23h 18m
97287498;NPI06934BB;13/07/26 10:04;13/07/26 10:04;Pesquisa CeS AGM (Farmer) - Apoio Técnico e Treinamentos;Telefone;"EDUARDO CATELLAN";;eduardocatellan9@gmail.com;;(55) 99640-1400;;;"ADMINISTRATIVO";"30000183";"GRUPO CATELAN - LUIS EDUARDO MAGALHAES-BA";"LUIS EDUARDO MAGALHAES";"BA";"SIAGRI AGRIMANAGER";;"PRODUTOR RURAL";"A";"28812.95";"PRODUTOR RURAL";;;"Jaqueline Martins";"FELIPE DA SILVA VERZOTTO";"CONSULTORIA E TREINAMENTOS";;;;;10;10;"FOI MUITO BOM";Atendimento do Consultor;Ramona Gomes de Brito;20/07/2026;Siagri AgriManager;Resolvido Satisfeito;Baixa;3d 23h 18m;3d 23h 18m;3d 23h 18m
97287153;1RVECFB449;13/07/26 09:53;13/07/26 09:53;Pesquisa CeS MyFarm (Hunter) - Projetos de Implantação;Telefone;"ANDRÉIA RAMBO";c4a9f468-80b6-40f5-983c-1cf613a00973;financeiro@priorisementes.com.br;romulobrunetta@priorisementes.com.br;(64) 99953-7503;;;"ADMINISTRATIVO";"30000668";"PRIORI SEMENTES - JATAI-GO";"JATAI";"GO";"MYFARM";;"PRODUTOR RURAL";"A";"26265,31";"PRODUTOR RURAL";;"TREINAMENTO E SIMULAÇÃO III";"Jaqueline Martins";"GUILHERME JOB LIMA DE SOUZA";;;;;;9;9;"ELE DEU AUXILIO EM TODO PROCESSO, ESTA TUDO OK";Execução Eficiente;Ramona Gomes de Brito;22/07/2026;MyFarm;Resolvido Satisfeito;Baixa;3d 23h 30m;3d 23h 30m;3d 23h 30m
97250270;VCDD8B57F9;09/07/26 10:49;09/07/26 10:49;Pesquisa CeS MyFarm (Hunter) - Projetos de Implantação;Telefone;"ALAIR CAMPOS NETO";3424b02b-a8c5-4ed3-8719-c8048e321b0f;alair.neto@gmail.com;;(65) 99904-3969;;;"ADMINISTRATIVO";"30001561";"FAZENDA CANAA - AGUA BOA - MT";"AGUA BOA";"MT";"MYFARM";;"PRODUTOR RURAL";"C";"855.89";"PRODUTOR RURAL";;"3.0 EXECUCAO - 3.6 POS PRODUCAO";"Jaqueline Martins";"GUILHERME JOB LIMA DE SOUZA";;;;;;10;10;"DEU TUDO CERTO, MUITO TRANQUILO, MUITO BOM. ";Atendimento do Consultor;Ramona Gomes de Brito;20/07/2026;MyFarm;Resolvido Satisfeito;Baixa;3d 22h 7m;3d 22h 7m;3d 22h 7m
97250209;6HS1DE1418;09/07/26 10:46;09/07/26 10:46;Pesquisa CeS MyFarm (Farmer) - Apoio Técnico e Treinamentos;Telefone;"GYOVANNA VIEIRA SILVA";fcb1da41-cea9-4337-ab92-84c81b4c23c5;syagriagropecuaria@hotmail.com;;;;;"ADMINISTRATIVO";"10000366";"SYAGRI AGRONEGOCIOS - NOVA PONTE-MG";"NOVA PONTE";"MG";"MYFARM";;"PRODUTOR RURAL";"C";"19128,16";"PRODUTOR RURAL";;;"Jaqueline Martins";"WARLEN ANDRADE";"CONSULTORIA E TREINAMENTOS";;;;;10;;;Outro;Ramona Gomes de Brito;16/07/2026;MyFarm;Resolvido Satisfeito;Baixa;3d 22h 10m;3d 22h 10m;3d 22h 10m
97250175;AOG2943651;09/07/26 10:41;09/07/26 10:41;Pesquisa CeS AgroScore Siagri AgriManager;Telefone;"RENATO PANSANATO ENZ";;renato@fazendasaoroberto.com.br;;(15) 99657-0894;;;"ADMINISTRATIVO";"10000778";"AGROPECUARIA SAO NICOLAU - ITAPEVA-SP";"ITAPEVA";"SP";"SIAGRI AGRIMANAGER";;"PRODUTOR RURAL";"B";"6040,01";"PRODUTOR RURAL";;;;;"MONITORIA";;;;"LEONARDO BORGES MENDONÇA";10;;;;Ramona Gomes de Brito;16/07/2026;Siagri AgriManager;Resolvido Satisfeito;Baixa;3d 22h 15m;3d 22h 15m;3d 22h 15m
97165909;DNT40505FF;25/06/26 08:15;02/07/26 10:21;Pesquisa CeS MyFarm (Hunter) - Projetos de Implantação;Email;"TRYCIA NATALIA REIS";69f5a995-e9b2-4298-855d-ab333f469ba1;trycia.nati@icloud.com;;(38) 99951-5811;;25s;"ADMINISTRATIVO";"30021131";"JOAO VICENTE FERIGOLO";"CABECEIRA GRANDE";"MG";"MYFARM";;"PRODUTOR RURAL";"C";"870";"Produtor Rural";;"GO LIVE";"Jaqueline Martins";"GUILHERME JOB LIMA DE SOUZA";;;;;;10;10;;Planejamento e Organização, Comunicação Clara e Proativa, Atendimento do Consultor;Ramona Gomes de Brito;13/07/2026;MyFarm, Experiência com outras áreas;Resolvido Satisfeito;Baixa;5d 22h 2m;5d 22h 2m;5d 22h 2m
97036738;CS19F62C8C;22/06/26 11:24;22/06/26 11:24;Pesquisa CeS AGM (Farmer) - Apoio Técnico e Treinamentos;Telefone;"ROBINSON MARCELO APOLINARIO";;fazendacongonhas@hotmail.com;;(34) 99903-4973;;;"ADMINISTRATIVO";"30000029";"GUSTAVO FREDERICO BURGUER AGUIAR - FAZENDA CONGONHAS-IBIA-MG";"IBIA";"MG";"SIAGRI AGRIMANAGER";;"PRODUTOR RURAL";"C";"4201.85";"PRODUTOR RURAL";;;"Jaqueline Martins";"LEONARDO BORGES MENDONÇA";"CONSULTORIA E TREINAMENTOS";;;;;10;8;;Outro;Ramona Gomes de Brito;29/06/2026;MyFarm;Resolvido Satisfeito;Baixa;2h 18m;2h 18m;2h 18m
97036089;SU2EDF016F;22/06/26 10:54;22/06/26 10:54;Pesquisa CeS MyFarm (Hunter) - Projetos de Implantação;Telefone;"TRYCIA NATALIA REIS";69f5a995-e9b2-4298-855d-ab333f469ba1;trycia.nati@icloud.com;;(38) 99951-5811;;;"ADMINISTRATIVO";"30021131";"JOAO VICENTE FERIGOLO";"CABECEIRA GRANDE";"MG";"MYFARM";;"PRODUTOR RURAL";"C";"870,00";"PRODUTOR RURAL";;"TREINAMENTO E SIMULAÇÃO III";"Jaqueline Martins";"GUILHERME JOB LIMA DE SOUZA";;;;;;10;10;;Outro;Ramona Gomes de Brito;01/07/2026;MyFarm;Resolvido Satisfeito;Baixa;2h 48m;2h 48m;2h 48m
97036157;E047264379;22/06/26 10:54;22/06/26 10:54;Pesquisa CeS MyFarm (Hunter) - Projetos de Implantação;Telefone;"Diego Sia";b885ebb1-8483-4f1b-ad16-b56e265084b5;diegoipsia@gmail.com;;(18) 98115-8965;;;"ADMINISTRATIVO";"30001648";"FAZENDA TREVO AZUL- CAMPOS NOVOS PAULISTA - SP";"CAMPOS NOVOS PAULISTA";"SP";"MYFARM";;"PRODUTOR RURAL";"D";"847,18";"PRODUTOR RURAL";;"GO LIVE";"Jaqueline Martins";"WARLEN ANDRADE";;;;;;10;;;Outro;Ramona Gomes de Brito;01/07/2026;MyFarm;Resolvido Satisfeito;Baixa;2h 48m;2h 48m;2h 48m
97036233;ISK009A1AF;22/06/26 10:54;22/06/26 10:54;Pesquisa CeS MyFarm (Hunter) - Projetos de Implantação;Telefone;"ALAIR CAMPOS NETO";3424b02b-a8c5-4ed3-8719-c8048e321b0f;alair.neto@gmail.com;;(65) 99904-3969;;;"ADMINISTRATIVO";"30001561";"FAZENDA CANAA - AGUA BOA - MT";"AGUA BOA";"MG";"MYFARM";;"PRODUTOR RURAL";"C";"855,89";"PRODUTOR RURAL";;"3.0 EXECUCAO - 3.6 POS PRODUCAO";"Jaqueline Martins";"GUILHERME JOB LIMA DE SOUZA";;;;;;10;;;Outro;Ramona Gomes de Brito;01/07/2026;MyFarm;Resolvido Satisfeito;Baixa;2h 48m;2h 48m;2h 48m
97036508;EMQ68C899C;22/06/26 10:54;22/06/26 10:54;Pesquisa CeS MyFarm (Hunter) - Projetos de Implantação;Telefone;"DEISE BITENCOURT";2e3d68f5-f201-40dc-a846-593cc4651010;fiscal@agrisser.com.br;;(54) 99942-9952;;;"ADMINISTRATIVO";"30001387";"ORLEI POSSER - SAO FRANCISCO DE PAULA-RS";"SAO FRANCISCO DE PAULA";"RS";"MYFARM";;"PRODUTOR RURAL";"C";"658,87";"PRODUTOR RURAL";;"3.0 EXECUCAO - 3.6 POS PRODUCAO";"Jaqueline Martins";"WARLEN ANDRADE";;;;;;6;9;"É QUE A GENTE ESTA TENDO BASTANTE PROBLEMA COM O SISTEMA, NÃO DIRETAMENTO COM O CONSULTOR WARLEN, ATE A GENTE JA ESTA VNEDO PARA RESOLVER ISSO DAI, A GENTE FICOU DE RECEBER UMA RESPOSTA NA QUARTA-FEIRA, PELO SISTEMA MESMO NÃO COM O WARLEN. ";Outro;Amanda Cristina da Silva Santos;01/07/2026;MyFarm;Esclarecimentos efetuados;Alta;2h 53m;38d 29m;38d 29m
97036602;4AO5434BF7;22/06/26 10:54;22/06/26 10:54;Pesquisa CeS MyFarm (Hunter) - Projetos de Implantação;Telefone;"ANDRÉIA RAMBO";c4a9f468-80b6-40f5-983c-1cf613a00973;financeiro@priorisementes.com.br;romulobrunetta@priorisementes.com.br;(64) 99953-7503;;;"ADMINISTRATIVO";"30000668";"PRIORI SEMENTES - JATAI-GO";"JATAI";"GO";"MYFARM";;"PRODUTOR RURAL";"A";"62259,04";"PRODUTOR RURAL";;"TREINAMENTO E SIMULAÇÃO III";"Jaqueline Martins";"GUILHERME JOB LIMA DE SOUZA";;;;;;9;;"O ACOMPANHAMENTO TEM SIDO OK, ESTA TIRANDO AS DUVIDAS, ACABA QUE ESTA SENDO MAIS DEMORADO POR A EQUIPE SER PEQUENA E CONSEGUIRMOS FAZER TODOS OS LANÇAMENTOS E TUDO MAIS, MAIS ATE O MOMENTOS ESTA ATENDENDO SIM.";Comunicação Clara e Proativa, Atendimento do Consultor;Ramona Gomes de Brito;01/07/2026;MyFarm;Resolvido Satisfeito;Baixa;2h 49m;2h 49m;2h 49m
96953706;6YJ309D87C;16/06/26 08:36;16/06/26 08:36;Pesquisa CeS MyFarm (Hunter) - Projetos de Implantação;Telefone;"MARCIO BARBOSA DE BRITO";;marciobritok1@gmail.com;;(61) 99878-9220;;;"ADMINISTRATIVO";"30001365";"FAZENDA PAULISTA - CRISTALINA - GO";"CRISTALINA";"GO";"MYFARM";;"PRODUTOR RURAL";"D";"1800";"PRODUTOR RURAL";;"TREINAMENTO E SIMULAÇÃO III";"YURI LUCAS COELHO";"GUILHERME JOB LIMA DE SOUZA";;;;;;10;;;Outro;Ramona Gomes de Brito;25/06/2026;MyFarm;Resolvido Satisfeito;Baixa;16m;16m;16m
96953754;XODBF03ABD;16/06/26 08:36;16/06/26 08:36;Pesquisa CeS MyFarm (Hunter) - Projetos de Implantação;Telefone;"TRYCIA NATALIA REIS";69f5a995-e9b2-4298-855d-ab333f469ba1;trycia.nati@icloud.com;;(38) 99951-5811;;;"ADMINISTRATIVO";"30021131";"JOAO VICENTE FERIGOLO";"CABECEIRA GRANDE";"MG";"MYFARM";;"PRODUTOR RURAL";"C";"870";"PRODUTOR RURAL";;"TREINAMENTO E SIMULAÇÃO I";"YURI LUCAS COELHO";"GUILHERME JOB LIMA DE SOUZA";;;;;;10;;;Outro;Ramona Gomes de Brito;25/06/2026;MyFarm;Resolvido Satisfeito;Baixa;16m;16m;16m
96936828;MTQA545EB1;28/05/26 15:36;15/06/26 09:20;Pesquisa CeS MyFarm (Hunter) - Projetos de Implantação;Email;"JANE CHAGAS MARTINS";000b93da-ab29-4376-9d57-764f268cd65b;diretoria@confinamentomariopinto.com;jane@gmail.com;(61) 99707-0700;;17s;"ADMINISTRATIVO";"30001545";"FAZENDA SAO GERONIMO DO RIO VERDE - COCALZINHO DE GOIAS - GO";"COCALZINHO DE GOIAS";"GO";"MYFARM";;"PRODUTOR RURAL";"D";"944,59";"PRODUTOR RURAL";;"TREINAMENTO E SIMULAÇÃO II";"YURI LUCAS COELHO";"WARLEN ANDRADE";;;;;;0;;;Dificuldades na Execução;Amanda Cristina da Silva Santos;24/06/2026;MyFarm;Resposta sem relação com a pesquisa;Alta;22h 54m;1d 7h 45m;1d 7h 45m
96353708;3VF8264A05;27/04/26 09:27;04/05/26 09:57;Pesquisa CeS AGM (Farmer) - Apoio Técnico e Treinamentos;Email;"MIRIAN PASA BALDISSERA";;pagamentoos@agrosustentavelma.com.br;;;;5s;"ADMINISTRATIVO";"30000975";"MBB AGRO - SAO FELIX DE BALSAS-MA";"SAO FELIX DE BALSAS";"MA";"SIAGRI AGRIMANAGER";;"PRODUTOR RURAL";"D";"3786,8";"PRODUTOR RURAL";;;;;"CONSULTORIA E TREINAMENTOS";;;;;10;;;Atendimento do Consultor;Ramona Gomes de Brito;11/05/2026;Siagri AgriManager, Experiência com outras áreas;Resolvido Satisfeito;Baixa;Indeterminado;Indeterminado;Indeterminado
96271818;SJL88464C1;27/04/26 09:29;28/04/26 05:24;Pesquisa CeS MyFarm (Farmer) - Apoio Técnico e Treinamentos;Email;"EDSON COSTALONGA";;edscostalonga@hotmail.com;;;;4m 3s;"ADMINISTRATIVO";"30001029";"FAZENDA MUNDO NOVO - FUNDAO-ES";"FUNDAO";"ES";"MYFARM";;"PRODUTOR RURAL";"A";"20209,37";"PRODUTOR RURAL";;;"GUILHERME JOB LIMA DE SOUZA";;"CONSULTORIA E TREINAMENTOS";;;;;7;;"Melhoria em alguns processos dentro do sistema; ex. Módulo colheita não atende a demanda da cultura do café. Necessita boas mudanças para adequação.";Experiência com o Apoio Técnico/Treinamento, Outro;Ramona Gomes de Brito;05/05/2026;MyFarm;Resolvido Satisfeito;Média;Indeterminado;58d 3h 48m;58d 3h 48m
96254641;Q9X7DC6402;27/04/26 09:28;27/04/26 10:04;Pesquisa CeS MyFarm (Hunter) - Projetos de Implantação;Email;"ALEX";;alex.vaz@grupomcg.com.br;;(14) 99172-2129;;3m 35s;"ADMINISTRATIVO";"30001374";"FERTYL LTDA - OURINHOS-SP";"OURINHOS";"SP";"MYFARM";;"PRODUTOR RURAL";"C";"1116,24";"PRODUTOR RURAL";;"TREINAMENTO E SIMULAÇÃO I";"GUILHERME JOB LIMA DE SOUZA";;;;;;;8;9;"Achamos o processo de implantação muito amarrado. Entendemos que um tempo de implantação todo o que acontece deveria ser tratado pelo consultor de implantação e deveríamos ir ao suporte somente depois de irmos a produção e isso não acontece. também achamos estranho não ter uma rotina de importação de dados pois todo nosso histórico foi lançado na mão e o processo de importação tornaria o processo mais ágil.";Planejamento e Execução, Experiência de Implantação;Amanda Cristina da Silva Santos;06/05/2026;MyFarm;Esclarecimentos efetuados;Média;Indeterminado;Indeterminado;Indeterminado
96162209;GTRAF30E93;20/04/26 16:36;20/04/26 16:36;Pesquisa CeS MyFarm (Hunter) - Projetos de Implantação;Telefone;"ALLYNE MACHADO";32a28437-67df-437b-93d1-ed03f007fcff;machado.allyne@gmail.com;;(64) 99963-5535;;;"ADMINISTRATIVO";"30001236";"FAZENDA ESTRELA - DOVERLANDIA-GO";"DOVERLANDIA";"GO";"MYFARM";;"PRODUTOR RURAL";"C";"650";"PRODUTOR RURAL";;"GO LIVE";"YURI LUCAS COELHO";"GUILHERME JOB LIMA DE SOUZA";;;;;;8;;;Outro;Isabella Clarindo Paulino;29/04/2026;MyFarm;Pendente Atuacao;Média;Indeterminado;Indeterminado;Indeterminado
96162257;KCM67F61CA;20/04/26 16:36;20/04/26 16:36;Pesquisa CeS MyFarm (Hunter) - Projetos de Implantação;Telefone;"FERNANDO DOTTO";92ba739a-4b04-4928-afe6-42c1e87ab180;fiscal@gnamt.com.br;;(65) 99936-6619;;;"ADMINISTRATIVO";"30001238";"FERNANDO DOTTO - SANTANA DO ARAGUAIA-PA";"SANTANA DO ARAGUAIA";"PA";"MYFARM";;"PRODUTOR RURAL";"D";"500";"PRODUTOR RURAL";;"3.0 EXECUCAO - 3.6 POS PRODUCAO";"YURI LUCAS COELHO";"GUILHERME JOB LIMA DE SOUZA";;;;;;10;;"recomendaria com certeza, ele foi muito prestativo ";Atendimento do Consultor;Ramona Gomes de Brito;29/04/2026;MyFarm, Experiência com outras áreas;Resolvido Satisfeito;Baixa;Indeterminado;Indeterminado;Indeterminado
96162289;JBX87264B2;20/04/26 16:36;20/04/26 16:36;Pesquisa CeS MyFarm (Hunter) - Projetos de Implantação;Telefone;"ERINA";;fazcamacarirecanto@gmail.com;;;;;"ADMINISTRATIVO";"30001389";"FAZENDA CAMACARI - SAO JOSE DO XINGU-MT";"SAO JOSE DO XINGU";"MT";"MYFARM";;"PRODUTOR RURAL";"B";"1670,87";"PRODUTOR RURAL";;"TREINAMENTO E SIMULAÇÃO I";"YURI LUCAS COELHO";"GUILHERME JOB LIMA DE SOUZA";;;;;;7;;;Outro;Andrezza Perroni;29/04/2026;MyFarm;Pendente Atuacao;Média;Indeterminado;Indeterminado;Indeterminado
96161941;K3XB548D79;20/04/26 16:15;20/04/26 16:15;Pesquisa CeS AGM (Farmer) - Apoio Técnico e Treinamentos;Telefone;"KAREN CRISTINA DORSI";;karen.dorsi@coopgrandeoeste.com.br;;(77) 99193-3000;;;"COORDENADOR ADMINISTRATIVO";"10000587";"COOPERATIVA GRANDEOESTE (UBAHIA) - LUIS EDUARDO MAGALHAES-BA";"LUIS EDUARDO MAGALHAES";"BA";"SIAGRI AGRIMANAGER";;"PRODUTOR RURAL";"C";"17222,13";"PRODUTOR RURAL";;;"YURI LUCAS COELHO";"LEONARDO BORGES MENDONÇA";"CONSULTORIA E TREINAMENTOS";;;;;8;;;Outro;Amanda Cristina da Silva Santos;27/04/2026;Siagri AgriManager;Esclarecimentos efetuados;Média;Indeterminado;Indeterminado;Indeterminado
96162003;BH0D9B4ED0;20/04/26 16:15;20/04/26 16:15;Pesquisa CeS AGM (Farmer) - Apoio Técnico e Treinamentos;Telefone;"ROBINSON MARCELO APOLINARIO";;fazendacongonhas@hotmail.com;;(34) 99903-4973;;;"ADMINISTRATIVO";"30000029";"GUSTAVO FREDERICO BURGUER AGUIAR - FAZENDA CONGONHAS-IBIA-MG";"IBIA";"MG";"SIAGRI AGRIMANAGER";;"PRODUTOR RURAL";"C";"4201,85";"PRODUTOR RURAL";;;"YURI LUCAS COELHO";"LEONARDO BORGES MENDONÇA";"CONSULTORIA E TREINAMENTOS";;;;;8;10;"conheço o Leonardo já tem um tempo, ele tem nos apoiado a bastante tempo. Ele esta aqui esta semana, vamos iniciar uma nova fase. Não dou 10 para ele não ficar muito chato. Vamos contratar mais vezes ele vir presencial.";Experiência com o Apoio Técnico/Treinamento, Atendimento do Consultor;Amanda Cristina da Silva Santos;27/04/2026;Siagri AgriManager, Experiência com outras áreas;Resolvido Satisfeito;Média;Indeterminado;Indeterminado;Indeterminado
96162043;7D654BFD16;20/04/26 16:15;20/04/26 16:15;Pesquisa CeS AGM (Farmer) - Apoio Técnico e Treinamentos;Telefone;"FLAVIO VIEIRA BARBOSA";;fvbvieirabarbosa2015@gmail.com;;(91) 99256-7970;;;"ADMINISTRATIVO";"30000713";"FAZENDA CHAO DE ESTRELA - AURORA DO PARA-PA";"AURORA DO PARA";"PA";"SIAGRI AGRIMANAGER";;"PRODUTOR RURAL";"D";"4122,06";"PRODUTOR RURAL";;;"YURI LUCAS COELHO";"LEONARDO BORGES MENDONÇA";"CONSULTORIA E TREINAMENTOS";;;;;9;;;Outro;Ramona Gomes de Brito;27/04/2026;Siagri AgriManager;Resolvido Satisfeito;Baixa;Indeterminado;Indeterminado;Indeterminado
96162106;NAMED13896;20/04/26 16:15;20/04/26 16:15;Pesquisa CeS AGM (Farmer) - Apoio Técnico e Treinamentos;Telefone;"GABRIELI CAROLINE MELOZZI";;gabii_melozzi@hotmail.com;;(66) 99991-1670;;;"ADMINISTRATIVO";"10000582";"AGRO NORTE - SINOP-MT";"TABAPORA";"MT";"SIAGRI AGRIMANAGER";;"PRODUTOR RURAL";"B";"14370,58";"PRODUTOR RURAL";;;"YURI LUCAS COELHO";"LEONARDO BORGES MENDONÇA";"CONSULTORIA E TREINAMENTOS";;;;;10;10;"ACHO ELE OTIMO";Atendimento do Consultor;Ramona Gomes de Brito;27/04/2026;Siagri AgriManager, Experiência com outras áreas;Resolvido Satisfeito;Baixa;Indeterminado;Indeterminado;Indeterminado
96162149;TJO6AF6AE8;20/04/26 16:15;20/04/26 16:15;Pesquisa CeS AGM (Farmer) - Apoio Técnico e Treinamentos;Telefone;"EDUARDO CATELLAN";;eduardocatellan99@gmail.com;;(55) 99640-1400;;;"ADMINISTRATIVO";"30000183";"GRUPO CATELAN - LUIS EDUARDO MAGALHAES-BA";"LUIS EDUARDO MAGALHAES";"BA";"SIAGRI AGRIMANAGER";;"PRODUTOR RURAL";"A";"15269,42";"PRODUTOR RURAL";;;"YURI LUCAS COELHO";"LEONARDO BORGES MENDONÇA";"3.0 EXECUCAO - 3.6 POS PRODUCAO";;;;;10;;;Outro;Ramona Gomes de Brito;27/04/2026;Siagri AgriManager;Resolvido Satisfeito;Baixa;Indeterminado;Indeterminado;Indeterminado
95899224;ED7D10E8AC;06/04/26 15:04;06/04/26 15:04;Pesquisa CeS MyFarm (Hunter) - Projetos de Implantação;Telefone;"EMANUELE BASEGGIO";e273b163-d640-417a-a9f8-0d2d5766a6b9;baseggiodalbem@gmail.com;;;;;"ADMINISTRATIVO";"30001349";"FAZENDA CAMPO GRANDE - MA";"URBANO SANTOS";"MA";"MYFARM";;"PRODUTOR RURAL";"D";"870";"PRODUTOR RURAL";;"TREINAMENTO E SIMULAÇÃO I";"YURI LUCAS COELHO";"GUILHERME JOB LIMA DE SOUZA";;;;;;10;;"SEM COMENTÁRIO";Outro;Ramona Gomes de Brito;15/04/2026;MyFarm;Resolvido Satisfeito;Baixa;Indeterminado;Indeterminado;Indeterminado
95899284;OACE48B8AE;06/04/26 15:04;06/04/26 15:04;Pesquisa CeS MyFarm (Hunter) - Projetos de Implantação;Telefone;"CIRO BUSTAMANTE JUNCO";;barracadalaranja.ita2022@gmail.com;;;;;"ADMINISTRATIVO";"30001368";"FAZENDA SITIO DO CAMPO - ITABERAI-GO";"ITABERAI";"GO";"MYFARM";;"PRODUTOR RURAL";"A";"1214,58";"PRODUTOR RURAL";;"TREINAMENTO E SIMULAÇÃO I";"YURI LUCAS COELHO";"GUILHERME JOB LIMA DE SOUZA";;;;;;9;;"MUITO DEMORADO, SE FOSSE PRESENCIAL SERIA MELHOR";Planejamento e Organização;Ramona Gomes de Brito;15/04/2026;MyFarm;Resolvido Satisfeito;Baixa;Indeterminado;Indeterminado;Indeterminado
95899360;0KNCA762D4;06/04/26 15:04;06/04/26 15:04;Pesquisa CeS MyFarm (Hunter) - Projetos de Implantação;Telefone;"MARIA EUMA DA SILVA BOVI";a93430b1-a749-4a99-b7bb-e2ab1e94a131;euma@agrocafe.com;;(34) 99984-6507;;;"ADMINISTRADOR";"30001181";"AGRICOLA GRAO 7 - ARAGUARI-MG";"ARAGUARI";"MG";"MYFARM";;"PRODUTOR RURAL";"C";"810";"PRODUTOR RURAL";;"TREINAMENTO E SIMULAÇÃO III";"YURI LUCAS COELHO";"GUILHERME JOB LIMA DE SOUZA";;;;;;9;;"PROBLEMA NÃO É O CONSULTOR E SIM A TROCA TROCA DE CONSULTOR";Planejamento e Organização, Outro;Ramona Gomes de Brito;15/04/2026;MyFarm;Resolvido Satisfeito;Baixa;Indeterminado;Indeterminado;Indeterminado
95899411;7ZDDA126CB;06/04/26 15:04;06/04/26 15:04;Pesquisa CeS MyFarm (Hunter) - Projetos de Implantação;Telefone;"DEISE BITENCOURT";2e3d68f5-f201-40dc-a846-593cc4651010;fiscal@agrisser.com.br;;(54) 99942-9952;;;"ADMINISTRATIVO";"30001387";"ORLEI POSSER - SAO FRANCISCO DE PAULA-RS";"SAO FRANCISCO DE PAULA";"RS";"MYFARM";;"PRODUTOR RURAL";"C";"658,87";"PRODUTOR RURAL";;"TREINAMENTO E SIMULAÇÃO I";"YURI LUCAS COELHO";"WARLEN ANDRADE";;;;;;9;;"CONSULTOR SABE SOBRE O SISTEMA, POREM O PROCESSO DE IMPLANTAÇÃO ESTA LONGO. DEVERIA COMEÇAR E TERMINAR. ";Planejamento e Organização, Atendimento do Consultor;Ramona Gomes de Brito;15/04/2026;MyFarm;Resolvido Satisfeito;Baixa;Indeterminado;Indeterminado;Indeterminado
95899612;B5T48CD54F;06/04/26 15:04;06/04/26 15:04;Pesquisa CeS MyFarm (Hunter) - Projetos de Implantação;Telefone;"ALEX";;alex.vaz@grupomcg.com.br;;(14) 99172-2129;;;"ADMINISTRADOR";"30001374";"FERTYL LTDA - OURINHOS-SP";"OURUNHOS";"SP";"MYFARM";;"PRODUTOR RURAL";"C";"1116,24";"PRODUTOR RURAL";;"TREINAMENTO E SIMULAÇÃO I";"YURI LUCAS COELHO";"GUILHERME JOB LIMA DE SOUZA";;;;;;9;;"em relação ao produto, sentiu certa dificuldade na implantação devido a plataforma ser fechada, não ser possível fazer adaptações.";Outro;Ramona Gomes de Brito;15/04/2026;MyFarm;Resolvido Satisfeito;Baixa;Indeterminado;Indeterminado;Indeterminado
95898735;NPH1D5E8D6;06/04/26 14:54;06/04/26 14:54;Pesquisa CeS AGM (Farmer) - Apoio Técnico e Treinamentos;Telefone;"KEILIANE ROCHA";;k.rocha@grupojardim.com;;(67) 99852-0964;;;"ADMINISTRATIVO";"10000146";"GRUPO CERRADO INSUMOS - CHAPADAO DO CEU-GO";"CHAPADAO DO CEU";"GO";"SIAGRI AGRIMANAGER";;"PRODUTOR RURAL";"B";"29045,49";"PRODUTOR RURAL";;;"YURI LUCAS COELHO";"FELIPE DA SILVA VERZOTTO";"CONSULTORIA E TREINAMENTOS";;;;;3;;"SEM COMENTÁRIO";Outro;Andrezza Perroni;13/04/2026;Siagri AgriManager;Pendente Atuacao;Alta;Indeterminado;Indeterminado;Indeterminado
95898834;KVAA1F6C73;06/04/26 14:54;06/04/26 14:54;Pesquisa CeS AGM (Farmer) - Apoio Técnico e Treinamentos;Telefone;"MIRIAN PASA BALDISSERA";;pagamentos@agrosustentavelma.com.br;;(54) 99670-3705;;;"ADMINISTRATIVO";"30000975";"MBB AGRO - SAO FELIX DE BALSAS-MA";"SAO FELIX DE BALSAS";"MA";"SIAGRI AGRIMANAGER";;"PRODUTOR RURAL";"D";"3786,8";"PRODUTOR RURAL";;;"YURI LUCAS COELHO";"LEONARDO BORGES MENDONÇA";"CONSULTORIA E TREINAMENTOS";;;;;10;10;"NOTA 20, LEONARDO MUITO BOM. DESEJO UM DIA CONHECE-LO PESSOALMENTE NUNCA TIVE ESTA OPORTUNIDADE, ELE SEMPRE NOS ATENDEU MUITO BEM, SEMPRE MUITO SOLIDO EM TODOS OS TREINAMENOTS PASSADOS.";Comunicação Clara e Proativa, Execução Eficiente, Atendimento do Consultor;Ramona Gomes de Brito;13/04/2026;Siagri AgriManager;Resolvido Satisfeito;Baixa;Indeterminado;Indeterminado;Indeterminado
95887281;N2X3E21702;30/03/26 09:01;06/04/26 09:09;Pesquisa CeS AGM (Farmer) - Apoio Técnico e Treinamentos;Email;"MIRIAN PASA BALDISSERA";;pagamentos@agrosustentavelma.com.br;;(54) 99670-3705;;7s;"ADMINISTRATIVO";"30000975";"MBB AGRO - SAO FELIX DE BALSAS-MA";"SAO FELIX DE BALSAS";"MA";"SIAGRI AGRIMANAGER";;"PRODUTOR RURAL";"D";"3786,8";"PRODUTOR RURAL";;;"LEONARDO BORGES MENDONÇA";;"CONSULTORIA E TREINAMENTOS";;;;;10;;;Comunicação Clara e Proativa;Ramona Gomes de Brito;13/04/2026;Siagri AgriManager;Resolvido Satisfeito;Baixa;Indeterminado;Indeterminado;Indeterminado
95493038;E3R6CCA9EA;16/03/26 13:18;16/03/26 13:18;Pesquisa CeS MyFarm (Hunter) - Projetos de Implantação;Telefone;"CLAUDIANE DE AMEIDA FERREIRA ROZAN";6ede0888-8c00-46f0-87b0-98979381e1a6;f.junqueira@outlook.com;;(64) 98412-0031;;;"ADMINISTRATIVO";"30001295";"FAZENDA SANTA RITA DOS PINDAIBAS 1 - RIO VERDE-GO";"RIO VERDE";"GO";"MYFARM";;"PRODUTOR RURAL";"C";"990";"PRODUTOR RURAL";;"GO LIVE";"YURI LUCAS COELHO";"GUILHERME JOB LIMA DE SOUZA";;;;;;9;;"FOI TUDO TRANQUILO";Atendimento do Consultor;Julio Cesar Andrade dos Santos;25/03/2026;MyFarm, Experiência com outras áreas;Resolvido Satisfeito;Baixa;Indeterminado;Indeterminado;Indeterminado
95493098;IWA5BAC05D;16/03/26 13:18;16/03/26 13:18;Pesquisa CeS MyFarm (Hunter) - Projetos de Implantação;Telefone;"ALINE RIGODANZO";;rigodanzoaline@gmail.com;;;;;"ADMINISTRATIVO";"30001036";"DECIO PEDRO RODRIGUES RIGODANZO - CHAPADAO DO CEU-GO";"CHAPADAO DO CEU";"GO";"MYFARM";;"PRODUTOR RURAL";"A";"15019,20";"PRODUTOR RURAL";;"TREINAMENTO E SIMULAÇÃO III";"YURI LUCAS COELHO";"GUILHERME JOB LIMA DE SOUZA";;;;;;9;;;Outro;Julio Cesar Andrade dos Santos;25/03/2026;MyFarm;Resolvido Satisfeito;Baixa;Indeterminado;Indeterminado;Indeterminado
95492964;RHBFB9E48E;16/03/26 13:14;16/03/26 13:14;Pesquisa CeS MyFarm (Farmer) - Apoio Técnico e Treinamentos;Telefone;"LEANDRO CAIAFFA ORCAY";;leandro_orcay@outlook.com;;;;;"ADMINISTRATIVO";"30000729";"LEANDRO CAIAFFA ORCAY - NOVA FRIBURGO-RJ";"NOVA FRIBURGO";"RJ";"MYFARM";;"PRODUTOR RURAL";"A";"6810,78";"PRODUTOR RURAL";;;"YURI LUCAS COELHO";"GUILHERME JOB LIMA DE SOUZA";"CONSULTORIA E TREINAMENTOS";;;;;10;;;Outro;Julio Cesar Andrade dos Santos;23/03/2026;MyFarm;Resolvido Satisfeito;Baixa;Indeterminado;Indeterminado;Indeterminado
95374759;XYND7EA2A4;09/03/26 17:52;09/03/26 17:52;Pesquisa CeS MyFarm (Hunter) - Projetos de Implantação;Telefone;"Geraldo Diniz";;g.diniz@uol.com.br;;(44) 99758-9857;;;"ADMINISTRATIVO";"30001299";"FABIO FRANCO CARVALHO - IVAIPORA - PR";"IVAIPORA";"PR";"MYFARM";;"PRODUTOR RURAL";"D";"1500";"PRODUTOR RURAL";;"3.0 EXECUCAO - 3.6 POS PRODUCAO";"YURI LUCAS COELHO";"GUILHERME JOB LIMA DE SOUZA";;;;;;8;;"o sistema esta em evolução, ele precisa evoluir, ele é um sistema que precisa ser melhoria ainda, tem varios pontos que precisa de ajuste. Para ter um 10 ele precisa evoluir bastante ainda. ";Experiência de Implantação, Outro;Amanda Cristina da Silva Santos;18/03/2026;MyFarm;Esclarecimentos efetuados;Média;Indeterminado;Indeterminado;Indeterminado
95374805;TVWF979750;09/03/26 17:52;09/03/26 17:52;Pesquisa CeS MyFarm (Hunter) - Projetos de Implantação;Telefone;"VERA";;vera.ferreira@segmentaagro.com.br;;(64) 99643-0466;;;"ADMINISTRATIVO";"30000377";"SEGMENTA AGRO - FAZENDA  PRIMAVERA - RIO VERDE-GO";"RIO VERDE";"GO";"MYFARM";;"PRODUTOR RURAL";"D";"7667,15";"PRODUTOR RURAL";;"TREINAMENTO E SIMULAÇÃO III";"YURI LUCAS COELHO";"GUILHERME JOB LIMA DE SOUZA";;;;;;7;;"É um programa excelente supre a necessidade, mas que ainda tem deficiência em relatórios e lentidão do sistema. ";Adaptação ao Negócio, Outro;Amanda Cristina da Silva Santos;18/03/2026;MyFarm;Esclarecimentos efetuados;Média;Indeterminado;Indeterminado;Indeterminado
95372254;WPV51AE8D9;09/03/26 17:36;09/03/26 17:36;Pesquisa CeS AGM (Farmer) - Apoio Técnico e Treinamentos;Telefone;"EDUARDO CATELLAN";;eduardocatellan9@gmail.com;;(55) 99640-1400;;;"ADMINISTRATIVO";"30000183";"GRUPO CATELAN - LUIS EDUARDO MAGALHAES-BA";"LUIS EDUARDO MAGALHAES";"BA";"SIAGRI AGRIMANAGER";;"PRODUTOR RURAL";"A";"17918,1";"PRODUTOR RURAL";;;"YURI LUCAS COELHO";"LEONARDO BORGES MENDONÇA";"CONSULTORIA E TREINAMENTOS";;;;;10;10;"Foi muito bom pode aproveitar com clareza na explicação foi muito bom para nós. ";Comunicação Clara e Proativa, Execução Eficiente, Atendimento do Consultor;Julio Cesar Andrade dos Santos;16/03/2026;Siagri AgriManager;Resolvido Satisfeito;Baixa;Indeterminado;Indeterminado;Indeterminado
95372527;FTF3781729;09/03/26 17:36;09/03/26 17:36;Pesquisa CeS AGM (Farmer) - Apoio Técnico e Treinamentos;Telefone;"RENATO BATISTA DA SILVA";;renatobatistas@grupovilasboas.com.br;;;;;"ADMINISTRATIVO";"30000220";"GRUPO VILAS BOAS - UNAI-MG";"JOAO PINHEIRO";"MG";"SIAGRI AGRIMANAGER";;"PRODUTOR RURAL";"B";"12692,52";"PRODUTOR RURAL";;;"YURI LUCAS COELHO";"LEONARDO BORGES MENDONÇA";"CONSULTORIA E TREINAMENTOS";;;;;9;;"sempre nos atendeu, só não pode dar 10 porque não pode acomodar ";Atendimento do Consultor;Julio Cesar Andrade dos Santos;16/03/2026;Siagri AgriManager;Resolvido Satisfeito;Baixa;Indeterminado;Indeterminado;Indeterminado
95372761;99PBA2B1EE;09/03/26 17:36;09/03/26 17:36;Pesquisa CeS AGM (Farmer) - Apoio Técnico e Treinamentos;Telefone;"JOSIANE SPROTTO MULLER";76750190-7bb5-47e6-9f1e-216f1b0e077b;financeiro@fazendapotrich.com.br;;(66) 99985-8930;;;"ADMINISTRATIVO";"10000668";"FAZENDA POTRICH I - SORRISO-MT";"SORRISO";"MT";"SIAGRI AGRIMANAGER";;"PRODUTOR RURAL";"A";"16714,8";"PRODUTOR RURAL";;;"YURI LUCAS COELHO";"LEONARDO BORGES MENDONÇA";"CONSULTORIA E TREINAMENTOS";;;;;10;10;;Outro;Julio Cesar Andrade dos Santos;16/03/2026;Siagri AgriManager;Resolvido Satisfeito;Baixa;Indeterminado;Indeterminado;Indeterminado
95371532;T5W6A49638;09/03/26 16:55;09/03/26 16:55;Pesquisa CeS AgroScore Siagri AgriManager;Telefone;"GUILHERME FIUMARO TOSTA";;guilherme.fiumaro@fazendaslrkonageski.com.br;;(16) 98152-9844;;;"ADMINISTRATIVO";"30000116";"FAZENDAS LR KONAGESKI - DIAMANTINO-MT";"DIAMANTINO";"MT";"SIAGRI AGRIMANAGER";;"PRODUTOR RURAL";"A";"44004,84";"PRODUTOR RURAL";;;;;"MONITORIA";;;;"LEONARDO BORGES MENDONÇA";10;9;"Leonardo ele é muito didatico, muito atencioso, e tem conteudo muito profundo, consegue esclarecer todas as duvidas quanto ao sistema. E dá uma orientação muito boa.";;Ramona Gomes de Brito;16/03/2026;Siagri AgriManager;Resolvido Satisfeito;Baixa;Indeterminado;Indeterminado;Indeterminado
95362613;G3M3EE6AE8;02/03/26 09:13;09/03/26 11:31;Pesquisa CeS AGM (Farmer) - Apoio Técnico e Treinamentos;Email;"MARCELO CARLOS PEREIRA DE JESUS";;balanca@grupomarcondes.com;;(65) 4052-9848;;17s;"ADMINISTRATIVO";"30000079";"AGROPECUARIA MANDACARU - SAO GONCALO DO PIAUI-PI";"SAO GONCALO DO PIAUI";"PI";"SIAGRI AGRIMANAGER";;"PRODUTOR RURAL";"B";"6140,81";"BU Produtor Rural";;;"FELIPE DA SILVA VERZOTTO";;"CONSULTORIA E TREINAMENTOS";;;;;8;;;Comunicação;Andrezza Perroni;16/03/2026;Siagri AgriManager;Esclarecimentos efetuados;Média;Indeterminado;Indeterminado;Indeterminado
95240802;VBS31ABEDD;02/03/26 09:21;02/03/26 16:31;Pesquisa CeS MyFarm (Hunter) - Projetos de Implantação;Email;"FERNANDA SOARES";;armazembach2025@outlook.com;;;;36s;"ADMINISTRATIVO";"30019380";"PEDRO ALCEU BACH";"ARIPUANA";"MT";"MYFARM";;"PRODUTOR RURAL";"C";"3210";"BU Produtor Rural";;"GO LIVE";"GUILHERME JOB LIMA DE SOUZA";;;;;;;3;;;Problemas no Planejamento do Projeto, Outro;Julio Cesar Andrade dos Santos;11/03/2026;MyFarm, Desalinhamento entre Expectativas e Entregas, Experiência com outras áreas;Pendente Atuacao;Alta;Indeterminado;Indeterminado;Indeterminado
94770584;CSV7BC59D0;29/01/26 13:00;29/01/26 16:30;Pesquisa CeS MyFarm (Farmer) - Apoio Técnico e Treinamentos;Email;"ELPIDIO NEREU ZANCHET";f4d0add4-845c-4b97-8558-7344b7dd2cc5;fazendagavea.sp@gmail.com;elpidioz@uol.com.br;(11) 99981-5204;;30s;"ADMINISTRATIVO";"30000885";"ELPIDIO NEREU ZANCHET - SAO PAULO-SP";"SAO PAULO";"SP";"MYFARM";;"PRODUTOR RURAL";"C";"465.06";;;;"YURI COELHO";"GUILHERME JOB LIMA DE SOUZA";"CONSULTORIA E TREINAMENTOS";;;;;9;;"Conhecimento do pakestrante";Comunicação Clara e Proativa;Isabella Clarindo Paulino;05/02/2026;Consultoria e Serviços, Comunicação, Atendimento do Consultor;Resolvido Satisfeito;Baixa;Indeterminado;Indeterminado;Indeterminado